Group,Name,Category,Description,ID Tag,Price,Weight,Width,Length,Height,Last inventory date,Expiry Date,Purchase date,Quantity unit,Stock Shortage,Default quantity,Storage 1,Quantity 1,Storage 2,Quantity 2,Storage 3,Quantity 3,Storage 4,Quantity 4,Storage 5,Quantity 5,Supplier 1,Supplier 1 price,Supplier 2,Supplier 2 price,Supplier 3,Supplier 3 price,Supplier 4,Supplier 4 price,Supplier 5,Supplier 5 price,Group property 1,Group property 2,Group property 3,Group property 4,Group property 5,Group property 6,Group property 7,Group property 8,Group property 9,Group property 10,Optimal Quantity,Category (full path),
Sample Group,1-439-172,FLYBACK,,,36,,,,,,,,,1,1,A1,1,,,,,,,,,,,,,,,,,,,,,,,,,,,,,,FLYBACK,
Sample Group,1-439-235,FLYBACK,,,,,,,,,,,,1,1,A1,1,,,,,,,,,,,,,,,,,,,,,,,,,,,,,,FLYBACK,
Sample Group,1-439-235-11,FLYBACK,,,25,,,,,,,,,1,1,A1,1,,,,,,,,,,,,,,,,,,,,,,,,,,,,,,FLYBACK,
Sample Group,1-439-238-00,FLYBACK,,,36,,,,,,,,,1,2,A1,2,,,,,,,,,,,,,,,,,,,,,,,,,,,,,,FLYBACK,
Sample Group,1-439-423-21,FLYBACK,,,28,,,,,,,,,1,1,A1,1,,,,,,,,,,,,,,,,,,,,,,,,,,,,,,FLYBACK,
Sample Group,10N60,INTEGRADO,=5N60,,6,,,,,,,,,1,0,B2A5,0,,,,,,,,,,,,,,,,,,,,,,,,,,,,,,INTEGRADO,
Sample Group,10N80,INTEGRADO,,,6,,,,,,,,,1,3,B2A5,3,,,,,,,,,,,,,,,,,,,,,,,,,,,,,,INTEGRADO,
Sample Group,11N60,INTEGRADO,,,6,,,,,,,,,1,0,B2A7,0,,,,,,,,,,,,,,,,,,,,,,,,,,,,,,INTEGRADO,
Sample Group,124 121 821,TRANSISTOR,,20160229,,,,,,,,,,1,1,A2B24,1,,,,,,,,,,,,,,,,,,,,,,,,,,,,,,TRANSISTOR,
Sample Group,12N50,INTEGRADO,,,10,,,,,,,,,1,0,B2A7,0,,,,,,,,,,,,,,,,,,,,,,,,,,,,,,INTEGRADO,
Sample Group,12N60C,INTEGRADO,,,12,,,,,,,,,1,2,B2A7,2,,,,,,,,,,,,,,,,,,,,,,,,,,,,,,INTEGRADO,
Sample Group,12N60FI,INTEGRADO,,,12,,,,,,,,,1,1,B2A7,1,,,,,,,,,,,,,,,,,,,,,,,,,,,,,,INTEGRADO,
Sample Group,13NK80Z,INTEGRADO,=11N80,,14,,,,,,,,,1,10,B2A7,10,,,,,,,,,,,,,,,,,,,,,,,,,,,,,,INTEGRADO,
Sample Group,15 Foot USB2 - A/B cable,USB cables,"A-male to B-male, USB 2.0 Certified, Backwards compatible USB 1 devices, Common for use with printers, external hard drives, scanners, CD burners, DVD burners",9780321774088,8.99,0.091,,4.572,,20260122,,,,10,0,shelf 1A,17,,,,,,,,,Dell Computers,8.75,,,,,,,,,,,,,,,,,,,,Computer Stuff/cables/USB cables,
Sample Group,154-040,FLYBACK,,,,,,,,,,,,1,1,A1,1,,,,,,,,,,,,,,,,,,,,,,,,,,,,,,FLYBACK,
Sample Group,154-168D,FLYBACK,,,,,,,,,,,,1,2,A1,2,,,,,,,,,,,,,,,,,,,,,,,,,,,,,,FLYBACK,
Sample Group,154-375D,FLYBACK,,,28,,,,,,,,,1,4,A1,4,,,,,,,,,,,,,,,,,,,,,,,,,,,,,,FLYBACK,
Sample Group,154-380,FLYBACK,,,35,,,,,,,,,1,1,A1,1,,,,,,,,,,,,,,,,,,,,,,,,,,,,,,FLYBACK,
Sample Group,17N80C3,INTEGRADO,,,16,,,,,,,,,1,1,B2A8,1,,,,,,,,,,,,,,,,,,,,,,,,,,,,,,INTEGRADO,
Sample Group,1L0380R,INTEGRADO,,,8,,,,,,,,,1,5,B2A1,5,,,,,,,,,,,,,,,,,,,,,,,,,,,,,,INTEGRADO,
Sample Group,20N60,INTEGRADO,,,12,,,,,,,,,1,3,B2A8,3,,,,,,,,,,,,,,,,,,,,,,,,,,,,,,INTEGRADO,
Sample Group,20N60S5,INTEGRADO,,,23,,,,,,,,,1,1,B2A8,1,,,,,,,,,,,,,,,,,,,,,,,,,,,,,,INTEGRADO,
Sample Group,23N150,INTEGRADO,,,14,,,,,,,,,1,2,B2A9,2,,,,,,,,,,,,,,,,,,,,,,,,,,,,,,INTEGRADO,
Sample Group,24C01A,INTEGRADO,,,2,,,,,,,,,1,10,B3A9,10,,,,,,,,,,,,,,,,,,,,,,,,,,,,,,INTEGRADO,
Sample Group,24C02WP,INTEGRADO,,,2,,,,,,,,,1,20,B3A9,20,,,,,,,,,,,,,,,,,,,,,,,,,,,,,,INTEGRADO,
Sample Group,24C04W6,INTEGRADO,,,2,,,,,,,,,1,2,B3A9,2,,,,,,,,,,,,,,,,,,,,,,,,,,,,,,INTEGRADO,
Sample Group,24C08A,INTEGRADO,,,2,,,,,,,,,1,2,B3A9,2,,,,,,,,,,,,,,,,,,,,,,,,,,,,,,INTEGRADO,
Sample Group,24C16WP,INTEGRADO,,,2,,,,,,,,,1,21,B3A10,21,,,,,,,,,,,,,,,,,,,,,,,,,,,,,,INTEGRADO,
Sample Group,24C32A,TRANSISTOR,,20160229,3,,,,,,,,,1,1,B3A10,1,,,,,,,,,,,,,,,,,,,,,,,,,,,,,,TRANSISTOR,
Sample Group,2B0565,INTEGRADO,,,10,,,,,,,,,1,11,B2A1,11,,,,,,,,,,,,,,,,,,,,,,,,,,,,,,INTEGRADO,
Sample Group,2N2222,INTEGRADO,,,1,,,,,,,,,1,33,B3D7,33,,,,,,,,,,,,,,,,,,,,,,,,,,,,,,INTEGRADO,
Sample Group,2N3055,INTEGRADO,,,,,,,,,,,,1,12,A2B30,12,,,,,,,,,,,,,,,,,,,,,,,,,,,,,,INTEGRADO,
Sample Group,2N3823,INTEGRADO,,,2,,,,,,,,,1,3,B3D7,3,,,,,,,,,,,,,,,,,,,,,,,,,,,,,,INTEGRADO,
Sample Group,2N3904,INTEGRADO,ECG123AP,,1,,,,,,,,,1,24,B3D7,24,,,,,,,,,,,,,,,,,,,,,,,,,,,,,,INTEGRADO,
Sample Group,2N3906,INTEGRADO,,,1,,,,,,,,,1,101,B3D7,101,,,,,,,,,,,,,,,,,,,,,,,,,,,,,,INTEGRADO,
Sample Group,2N4352,INTEGRADO,,,2,,,,,,,,,1,12,B3D7,12,,,,,,,,,,,,,,,,,,,,,,,,,,,,,,INTEGRADO,
Sample Group,2N5064,INTEGRADO,,,1,,,,,,,,,1,17,B3D8,17,,,,,,,,,,,,,,,,,,,,,,,,,,,,,,INTEGRADO,
Sample Group,2N5401,INTEGRADO,,,1,,,,,,,,,1,20,B3D8,20,,,,,,,,,,,,,,,,,,,,,,,,,,,,,,INTEGRADO,
Sample Group,2N5551,INTEGRADO,,,1,,,,,,,,,1,68,B3D8,68,,,,,,,,,,,,,,,,,,,,,,,,,,,,,,INTEGRADO,
Sample Group,2N5668,INTEGRADO,,,1,,,,,,,,,1,7,B3D8,7,,,,,,,,,,,,,,,,,,,,,,,,,,,,,,INTEGRADO,
Sample Group,2N60B,INTEGRADO,,,8,,,,,,,,,1,0,B2A1,0,,,,,,,,,,,,,,,,,,,,,,,,,,,,,,INTEGRADO,
Sample Group,2P4M,INTEGRADO,,,5,,,,,,,,,1,2,B2A1,2,,,,,,,,,,,,,,,,,,,,,,,,,,,,,,INTEGRADO,
Sample Group,2QS03,INTEGRADO,,,16,,,,,,,,,1,2,B2A1,2,,,,,,,,,,,,,,,,,,,,,,,,,,,,,,INTEGRADO,
Sample Group,2S0680,INTEGRADO,,,12,,,,,,,,,1,1,B2A1,1,,,,,,,,,,,,,,,,,,,,,,,,,,,,,,INTEGRADO,
Sample Group,2S0880,INTEGRADO,,,12,,,,,,,,,1,1,B2A1,1,,,,,,,,,,,,,,,,,,,,,,,,,,,,,,INTEGRADO,
Sample Group,2SA1302,INTEGRADO,,,6,,,,,,,,,1,13,B1D9,13,,,,,,,,,,,,,,,,,,,,,,,,,,,,,,INTEGRADO,
Sample Group,2SA1494,INTEGRADO,ECG59,,18,,,,,,,,,1,3,B1D9,3,,,,,,,,,,,,,,,,,,,,,,,,,,,,,,INTEGRADO,
Sample Group,2SA1943,INTEGRADO,ECG2329,,9,,,,,,,,,1,4,B1D8,4,,,,,,,,,,,,,,,,,,,,,,,,,,,,,,INTEGRADO,
Sample Group,2SA350,INTEGRADO,,,1,,,,,,,,,1,6,B1D8,6,,,,,,,,,,,,,,,,,,,,,,,,,,,,,,INTEGRADO,
Sample Group,2SK1081,INTEGRADO,,,15,,,,,,,,,1,3,B2A1,3,,,,,,,,,,,,,,,,,,,,,,,,,,,,,,INTEGRADO,
Sample Group,2SK727,INTEGRADO,,,6,,,,,,,,,1,5,B1B12,5,,,,,,,,,,,,,,,,,,,,,,,,,,,,,,INTEGRADO,
Sample Group,30F125,INTEGRADO,,,13,,,,,,,,,1,3,B2A9,3,,,,,,,,,,,,,,,,,,,,,,,,,,,,,,INTEGRADO,
Sample Group,30F126,INTEGRADO,,,13,,,,,,,,,1,0,B2A9,0,,,,,,,,,,,,,,,,,,,,,,,,,,,,,,INTEGRADO,
Sample Group,30J124,INTEGRADO,,,13,,,,,,,,,1,2,B2A9,2,,,,,,,,,,,,,,,,,,,,,,,,,,,,,,INTEGRADO,
Sample Group,3B0365,INTEGRADO,,,10,,,,,,,,,1,2,B2A2,2,,,,,,,,,,,,,,,,,,,,,,,,,,,,,,INTEGRADO,
Sample Group,3BR1765,INTEGRADO,,,18,,,,,,,,,1,2,B2A2,2,,,,,,,,,,,,,,,,,,,,,,,,,,,,,,INTEGRADO,
Sample Group,3BR4765J,INTEGRADO,,,16,,,,,,,,,1,2,B2A2,2,,,,,,,,,,,,,,,,,,,,,,,,,,,,,,INTEGRADO,
Sample Group,3DD5011,INTEGRADO,,,15,,,,,,,,,1,0,B2B1,0,,,,,,,,,,,,,,,,,,,,,,,,,,,,,,INTEGRADO,
Sample Group,3S0680RF,INTEGRADO,,,15,,,,,,,,,1,2,B2A2,2,,,,,,,,,,,,,,,,,,,,,,,,,,,,,,INTEGRADO,
Sample Group,3S0765RF,INTEGRADO,,,15,,,,,,,,,1,3,B2A2,3,,,,,,,,,,,,,,,,,,,,,,,,,,,,,,INTEGRADO,
Sample Group,40CPQ040,INTEGRADO,,,10,,,,,,,,,1,5,B2A9,5,,,,,,,,,,,,,,,,,,,,,,,,,,,,,,INTEGRADO,
Sample Group,47434N-3119,INTEGRADO,,,25,,,,,,,,,1,1,A2B4,1,,,,,,,,,,,,,,,,,,,,,,,,,,,,,,INTEGRADO,
Sample Group,47N60C3,INTEGRADO,,,16,,,,,,,,,1,2,B2A9,2,,,,,,,,,,,,,,,,,,,,,,,,,,,,,,INTEGRADO,
Sample Group,4N33,INTEGRADO,,,4,,,,,,,,,1,12,B2A2,12,,,,,,,,,,,,,,,,,,,,,,,,,,,,,,INTEGRADO,
Sample Group,4N35,INTEGRADO,,,6,,,,,,,,,1,3,B2A2,3,,,,,,,,,,,,,,,,,,,,,,,,,,,,,,INTEGRADO,
Sample Group,4N60,INTEGRADO,,,6,,,,,,,,,1,4,B2A2,4,,,,,,,,,,,,,,,,,,,,,,,,,,,,,,INTEGRADO,
Sample Group,50N06,INTEGRADO,,,5,,,,,,,,,1,1,B2A11,1,,,,,,,,,,,,,,,,,,,,,,,,,,,,,,INTEGRADO,
Sample Group,598-834-00,FLYBACK,,,55,,,,,,,,,1,1,A1,1,,,,,,,,,,,,,,,,,,,,,,,,,,,,,,FLYBACK,
Sample Group,5D4841,INTEGRADO,,,20,,,,,,,,,1,0,B2A3,0,,,,,,,,,,,,,,,,,,,,,,,,,,,,,,INTEGRADO,
Sample Group,5L038D,INTEGRADO,,,8,,,,,,,,,1,0,B2A3,0,,,,,,,,,,,,,,,,,,,,,,,,,,,,,,INTEGRADO,
Sample Group,5M02659,INTEGRADO,,,11,,,,,,,,,1,0,B2A3,0,,,,,,,,,,,,,,,,,,,,,,,,,,,,,,INTEGRADO,
Sample Group,5M02659R,INTEGRADO,,,8,,,,,,,,,1,14,B2A3,14,,,,,,,,,,,,,,,,,,,,,,,,,,,,,,INTEGRADO,
Sample Group,5M0265R,INTEGRADO,,,12,,,,,,,,,1,7,B2A3,7,,,,,,,,,,,,,,,,,,,,,,,,,,,,,,INTEGRADO,
Sample Group,5M026S9R,INTEGRADO,,,,,,,,,,,,1,1,A2B15,1,,,,,,,,,,,,,,,,,,,,,,,,,,,,,,INTEGRADO,
Sample Group,5M0365R,INTEGRADO,,,10,,,,,,,,,1,2,B2A3,2,,,,,,,,,,,,,,,,,,,,,,,,,,,,,,INTEGRADO,
Sample Group,5N50,INTEGRADO,,,6,,,,,,,,,1,26,B2A3,26,,,,,,,,,,,,,,,,,,,,,,,,,,,,,,INTEGRADO,
Sample Group,5NK80,INTEGRADO,,,12,,,,,,,,,1,0,B2A4,0,,,,,,,,,,,,,,,,,,,,,,,,,,,,,,INTEGRADO,
Sample Group,5Q0765RT,INTEGRADO,,,10,,,,,,,,,1,1,B2A4,1,,,,,,,,,,,,,,,,,,,,,,,,,,,,,,INTEGRADO,
Sample Group,5Q1265RF,INTEGRADO,,,16,,,,,,,,,1,3,B2A4,3,,,,,,,,,,,,,,,,,,,,,,,,,,,,,,INTEGRADO,
Sample Group,5Q1265RT,INTEGRADO,,,15,,,,,,,,,1,3,B2A4,3,,,,,,,,,,,,,,,,,,,,,,,,,,,,,,INTEGRADO,
Sample Group,60N60,INTEGRADO,,,24,,,,,,,,,1,2,B2A11,2,,,,,,,,,,,,,,,,,,,,,,,,,,,,,,INTEGRADO,
Sample Group,612029-1,INTEGRADO,,,10,,,,,,,,,1,8,A2B4,8,,,,,,,,,,,,,,,,,,,,,,,,,,,,,,INTEGRADO,
Sample Group,6174Z-1003D,FLYBACK,,,35,,,,,,,,,1,1,A1,1,,,,,,,,,,,,,,,,,,,,,,,,,,,,,,FLYBACK,
Sample Group,6174Z-1036A,FLYBACK,,,32,,,,,,,,,1,2,A1,2,,,,,,,,,,,,,,,,,,,,,,,,,,,,,,FLYBACK,
Sample Group,6174Z-2001A,FLYBACK,,,38,,,,,,,,,1,1,A1,1,,,,,,,,,,,,,,,,,,,,,,,,,,,,,,FLYBACK,
Sample Group,6174Z-2001C,FLYBACK,,,35,,,,,,,,,1,1,A1,1,,,,,,,,,,,,,,,,,,,,,,,,,,,,,,FLYBACK,
Sample Group,6174Z-2001D,FLYBACK,,,35,,,,,,,,,1,2,A1,2,,,,,,,,,,,,,,,,,,,,,,,,,,,,,,FLYBACK,
Sample Group,6174Z-2001J,FLYBACK,,,35,,,,,,,,,1,3,A1,3,,,,,,,,,,,,,,,,,,,,,,,,,,,,,,FLYBACK,
Sample Group,6174Z-6006H FlyBack,FLYBACK,,,,,,,,,,,,1,3,A1,3,,,,,,,,,,,,,,,,,,,,,,,,,,,,,,FLYBACK,
Sample Group,6N136,INTEGRADO,,,10,,,,,,,,,1,5,B2A4,5,,,,,,,,,,,,,,,,,,,,,,,,,,,,,,INTEGRADO,
Sample Group,6N60,INTEGRADO,,,6,,,,,,,,,1,8,B2A4,8,,,,,,,,,,,,,,,,,,,,,,,,,,,,,,INTEGRADO,
Sample Group,70N06,INTEGRADO,,,6,,,,,,,,,1,0,B2A11,0,,,,,,,,,,,,,,,,,,,,,,,,,,,,,,INTEGRADO,
Sample Group,74154N,INTEGRADO,,,10,,,,,,,,,1,2,B3B6,2,,,,,,,,,,,,,,,,,,,,,,,,,,,,,,INTEGRADO,
Sample Group,74HC32A,TRANSISTOR,,,4,,,,,,,,,1,0,B3B6,0,,,,,,,,,,,,,,,,,,,,,,,,,,,,,,TRANSISTOR,
Sample Group,74LS00P,TRANSISTOR,,,5,,,,,,,,,1,5,B3B1,5,,,,,,,,,,,,,,,,,,,,,,,,,,,,,,TRANSISTOR,
Sample Group,74LS01P,TRANSISTOR,,,5,,,,,,,,,1,10,B3B1,10,,,,,,,,,,,,,,,,,,,,,,,,,,,,,,TRANSISTOR,
Sample Group,74LS02N,TRANSISTOR,,,5,,,,,,,,,1,9,B3B1,9,,,,,,,,,,,,,,,,,,,,,,,,,,,,,,TRANSISTOR,
Sample Group,74LS04P,TRANSISTOR,,,3,,,,,,,,,1,21,B3B1,21,,,,,,,,,,,,,,,,,,,,,,,,,,,,,,TRANSISTOR,
Sample Group,74LS07N,TRANSISTOR,,,3,,,,,,,,,1,4,B3B1,4,,,,,,,,,,,,,,,,,,,,,,,,,,,,,,TRANSISTOR,
Sample Group,74LS08N,TRANSISTOR,,,3,,,,,,,,,1,23,B3B2,23,,,,,,,,,,,,,,,,,,,,,,,,,,,,,,TRANSISTOR,
Sample Group,74LS11N,TRANSISTOR,,,4,,,,,,,,,1,8,B3B2,8,,,,,,,,,,,,,,,,,,,,,,,,,,,,,,TRANSISTOR,
Sample Group,74LS123N,TRANSISTOR,,,5,,,,,,,,,1,14,B3B4,14,,,,,,,,,,,,,,,,,,,,,,,,,,,,,,TRANSISTOR,
Sample Group,74LS138N,TRANSISTOR,,,5,,,,,,,,,1,4,B3B4,4,,,,,,,,,,,,,,,,,,,,,,,,,,,,,,TRANSISTOR,
Sample Group,74LS139N,TRANSISTOR,,,5,,,,,,,,,1,20,B3B4,20,,,,,,,,,,,,,,,,,,,,,,,,,,,,,,TRANSISTOR,
Sample Group,74LS13PC,TRANSISTOR,,,4,,,,,,,,,1,1,B3B2,1,,,,,,,,,,,,,,,,,,,,,,,,,,,,,,TRANSISTOR,
Sample Group,74LS14N,TRANSISTOR,,,3,,,,,,,,,1,15,B3B2,15,,,,,,,,,,,,,,,,,,,,,,,,,,,,,,TRANSISTOR,
Sample Group,74LS157,TRANSISTOR,,,5,,,,,,,,,1,1,B3B4,1,,,,,,,,,,,,,,,,,,,,,,,,,,,,,,TRANSISTOR,
Sample Group,74LS158,TRANSISTOR,,,3,,,,,,,,,1,9,B3B4,9,,,,,,,,,,,,,,,,,,,,,,,,,,,,,,TRANSISTOR,
Sample Group,74LS193P,TRANSISTOR,,,5,,,,,,,,,1,19,B3B4,19,,,,,,,,,,,,,,,,,,,,,,,,,,,,,,TRANSISTOR,
Sample Group,74LS21P,TRANSISTOR,,,4,,,,,,,,,1,10,B3B2,10,,,,,,,,,,,,,,,,,,,,,,,,,,,,,,TRANSISTOR,
Sample Group,74LS244N,TRANSISTOR,,,4,,,,,,,,,1,7,B3B5,7,,,,,,,,,,,,,,,,,,,,,,,,,,,,,,TRANSISTOR,
Sample Group,74LS245N,TRANSISTOR,,,4,,,,,,,,,1,4,B3B5,4,,,,,,,,,,,,,,,,,,,,,,,,,,,,,,TRANSISTOR,
Sample Group,74LS27,TRANSISTOR,,,4,,,,,,,,,1,10,B3B2,10,,,,,,,,,,,,,,,,,,,,,,,,,,,,,,TRANSISTOR,
Sample Group,74LS283,TRANSISTOR,,,4,,,,,,,,,1,8,B3B5,8,,,,,,,,,,,,,,,,,,,,,,,,,,,,,,TRANSISTOR,
Sample Group,74LS32N,TRANSISTOR,,,3.5,,,,,,,,,1,13,B3B3,13,,,,,,,,,,,,,,,,,,,,,,,,,,,,,,TRANSISTOR,
Sample Group,74LS32P,TRANSISTOR,,,3.5,,,,,,,,,1,11,B3B3,11,,,,,,,,,,,,,,,,,,,,,,,,,,,,,,TRANSISTOR,
Sample Group,74LS368AN,TRANSISTOR,,,5,,,,,,,,,1,4,B3B5,4,,,,,,,,,,,,,,,,,,,,,,,,,,,,,,TRANSISTOR,
Sample Group,74LS373N,TRANSISTOR,,,5,,,,,,,,,1,9,B3B5,9,,,,,,,,,,,,,,,,,,,,,,,,,,,,,,TRANSISTOR,
Sample Group,74LS375N,TRANSISTOR,,,5,,,,,,,,,1,10,B3B6,10,,,,,,,,,,,,,,,,,,,,,,,,,,,,,,TRANSISTOR,
Sample Group,74LS377N,TRANSISTOR,,,5,,,,,,,,,1,10,B3B6,10,,,,,,,,,,,,,,,,,,,,,,,,,,,,,,TRANSISTOR,
Sample Group,74LS47N,TRANSISTOR,,,5,,,,,,,,,1,4,B3B3,4,,,,,,,,,,,,,,,,,,,,,,,,,,,,,,TRANSISTOR,
Sample Group,74LS48N,TRANSISTOR,,,8,,,,,,,,,1,10,B3B3,10,,,,,,,,,,,,,,,,,,,,,,,,,,,,,,TRANSISTOR,
Sample Group,74LS76AN,TRANSISTOR,,,5,,,,,,,,,1,1,B3B3,1,,,,,,,,,,,,,,,,,,,,,,,,,,,,,,TRANSISTOR,
Sample Group,74LS86,TRANSISTOR,,,5,,,,,,,,,1,15,B3B3,15,,,,,,,,,,,,,,,,,,,,,,,,,,,,,,TRANSISTOR,
Sample Group,74LS90N,TRANSISTOR,,,5,,,,,,,,,1,15,B3B3,15,,,,,,,,,,,,,,,,,,,,,,,,,,,,,,TRANSISTOR,
Sample Group,7511,INTEGRADO,,,,,,,,,,,,1,3,B2A14,3,,,,,,,,,,,,,,,,,,,,,,,,,,,,,,INTEGRADO,
Sample Group,7805,INTEGRADO,,,2.5,,,,,,,,,1,6,A2A6,6,,,,,,,,,,,,,,,,,,,,,,,,,,,,,,INTEGRADO,
Sample Group,7806,INTEGRADO,,,2.5,,,,,,,,,1,0,A2A6,0,,,,,,,,,,,,,,,,,,,,,,,,,,,,,,INTEGRADO,
Sample Group,7808,INTEGRADO,,,5,,,,,,,,,1,10,A2A6,10,,,,,,,,,,,,,,,,,,,,,,,,,,,,,,INTEGRADO,
Sample Group,7809,INTEGRADO,,,,,,,,,,,,1,4,A2A6,4,,,,,,,,,,,,,,,,,,,,,,,,,,,,,,INTEGRADO,
Sample Group,7810,INTEGRADO,,,2,,,,,,,,,1,20,A2A6,20,,,,,,,,,,,,,,,,,,,,,,,,,,,,,,INTEGRADO,
Sample Group,7812,INTEGRADO,,,2,,,,,,,,,1,2,A2A6,2,,,,,,,,,,,,,,,,,,,,,,,,,,,,,,INTEGRADO,
Sample Group,7812R,INTEGRADO,4PATA8,,3.5,,,,,,,,,1,3,A2A6,3,,,,,,,,,,,,,,,,,,,,,,,,,,,,,,INTEGRADO,
Sample Group,7815,INTEGRADO,,,3,,,,,,,,,1,10,A2A6,10,,,,,,,,,,,,,,,,,,,,,,,,,,,,,,INTEGRADO,
Sample Group,7824,INTEGRADO,,,2,,,,,,,,,1,11,A2A6,11,,,,,,,,,,,,,,,,,,,,,,,,,,,,,,INTEGRADO,
Sample Group,78R05,TRANSISTOR,,,5,,,,,,,,,1,3,A2C8,3,,,,,,,,,,,,,,,,,,,,,,,,,,,,,,TRANSISTOR,
Sample Group,78R08,TRANSISTOR,,,6,,,,,,,,,1,8,A2C8,8,,,,,,,,,,,,,,,,,,,,,,,,,,,,,,TRANSISTOR,
Sample Group,78R12,TRANSISTOR,,,6,,,,,,,,,1,10,A2A5,1,A2C8,10,,,,,,,,,,,,,,,,,,,,,,,,,,,,TRANSISTOR,
Sample Group,78R33,TRANSISTOR,,,4,,,,,,,,,1,18,A2C8,18,,,,,,,,,,,,,,,,,,,,,,,,,,,,,,TRANSISTOR,
Sample Group,7905,INTEGRADO,,,2.5,,,,,,,,,1,14,A2A12,14,,,,,,,,,,,,,,,,,,,,,,,,,,,,,,INTEGRADO,
Sample Group,7906,INTEGRADO,,,2,,,,,,,,,1,0,A2A12,0,,,,,,,,,,,,,,,,,,,,,,,,,,,,,,INTEGRADO,
Sample Group,7909,INTEGRADO,,,5,,,,,,,,,1,9,A2A12,9,,,,,,,,,,,,,,,,,,,,,,,,,,,,,,INTEGRADO,
Sample Group,7912,INTEGRADO,7915,,2,,,,,,,,,1,1,A2A12,1,,,,,,,,,,,,,,,,,,,,,,,,,,,,,,INTEGRADO,
Sample Group,7915,INTEGRADO,,,2,,,,,,,,,1,60,A2A12,60,,,,,,,,,,,,,,,,,,,,,,,,,,,,,,INTEGRADO,
Sample Group,79L05,INTEGRADO,,,2,,,,,,,,,1,15,A2A12,15,,,,,,,,,,,,,,,,,,,,,,,,,,,,,,INTEGRADO,
Sample Group,7N60,INTEGRADO,,,6,,,,,,,,,1,3,B2A6,3,,,,,,,,,,,,,,,,,,,,,,,,,,,,,,INTEGRADO,
Sample Group,7N70,INTEGRADO,,,7,,,,,,,,,1,0,B2A6,0,,,,,,,,,,,,,,,,,,,,,,,,,,,,,,INTEGRADO,
Sample Group,7N80,INTEGRADO,,,7,,,,,,,,,1,1,B2A6,1,,,,,,,,,,,,,,,,,,,,,,,,,,,,,,INTEGRADO,
Sample Group,7NK80,INTEGRADO,,,7,,,,,,,,,1,4,B2A6,4,,,,,,,,,,,,,,,,,,,,,,,,,,,,,,INTEGRADO,
Sample Group,80N60,INTEGRADO,,,24,,,,,,,,,1,3,B2A11,3,,,,,,,,,,,,,,,,,,,,,,,,,,,,,,INTEGRADO,
Sample Group,8N60,INTEGRADO,,,6,,,,,,,,,1,2,B2A6,2,,,,,,,,,,,,,,,,,,,,,,,,,,,,,,INTEGRADO,
Sample Group,8N80,INTEGRADO,,,8,,,,,,,,,1,2,B2A6,2,,,,,,,,,,,,,,,,,,,,,,,,,,,,,,INTEGRADO,
Sample Group,93C06B1,INTEGRADO,,,8,,,,,,,,,1,6,B2A12,6,,,,,,,,,,,,,,,,,,,,,,,,,,,,,,INTEGRADO,
Sample Group,93C46,INTEGRADO,,,6,,,,,,,,,1,12,B2A12,12,,,,,,,,,,,,,,,,,,,,,,,,,,,,,,INTEGRADO,
Sample Group,93C46C23,INTEGRADO,,,8,,,,,,,,,1,0,B2A12,0,,,,,,,,,,,,,,,,,,,,,,,,,,,,,,INTEGRADO,
Sample Group,93C46CB3,INTEGRADO,,,8,,,,,,,,,1,7,B2A12,7,,,,,,,,,,,,,,,,,,,,,,,,,,,,,,INTEGRADO,
Sample Group,93C56,INTEGRADO,,,8,,,,,,,,,1,5,B2A12,5,,,,,,,,,,,,,,,,,,,,,,,,,,,,,,INTEGRADO,
Sample Group,9NK65,INTEGRADO,,,9,,,,,,,,,1,2,B2A6,2,,,,,,,,,,,,,,,,,,,,,,,,,,,,,,INTEGRADO,
Sample Group,9NK70,INTEGRADO,,,9,,,,,,,,,1,3,B2A6,3,,,,,,,,,,,,,,,,,,,,,,,,,,,,,,INTEGRADO,
Sample Group,9NK90,INTEGRADO,,,8,,,,,,,,,1,17,B2A5,17,,,,,,,,,,,,,,,,,,,,,,,,,,,,,,INTEGRADO,
Sample Group,9RF11,INTEGRADO,,,9,,,,,,,,,1,6,B2A5,6,,,,,,,,,,,,,,,,,,,,,,,,,,,,,,INTEGRADO,
Sample Group,A-Male/B-Male USB2 Cable-8',USB cables,"Connect all your USB devices with the Ultra A-Male to B-Male USB 2.0 Cable. This 8-foot, A-Male to B-Male cable makes it easy to connect with a fast transfer rate of up to 480Mbps. Compatible with both PC and Mac, the Ultra A-Male to B-Male USB 2.0 Cable supports plug and play for scanners, printers and more! Additionally, it is backwards compatible with USB 1.0 and 1.1",9782253170242,8.99,0.091,,2.438,,20260201,,,,10,0,shelf 1A,11,shelf 2A,15,,,,,,,Dell Computers,5.5,Kiwi Objects,5.3,,,,,,,white,value attr2,,,,,,,,,,Computer Stuff/cables/USB cables,
Sample Group,A1012Y,TRANSISTOR,ECG378,20160229,3,,,,,,,,,1,3,B1D4,3,,,,,,,,,,,,,,,,,,,,,,,,,,,,,,TRANSISTOR,
Sample Group,A1015,TRANSISTOR,ECG290A,20160229,1,,,,,,,,,1,50,B1D4,50,,,,,,,,,,,,,,,,,,,,,,,,,,,,,,TRANSISTOR,
Sample Group,A1020,TRANSISTOR,,20160229,1,,,,,,,,,1,2,B1D4,2,,,,,,,,,,,,,,,,,,,,,,,,,,,,,,TRANSISTOR,
Sample Group,A1020Y,TRANSISTOR,ECG25,20160229,1,,,,,,,,,1,3,B1D4,3,,,,,,,,,,,,,,,,,,,,,,,,,,,,,,TRANSISTOR,
Sample Group,A1048,TRANSISTOR,,20160229,1,,,,,,,,,1,1,B1D4,1,,,,,,,,,,,,,,,,,,,,,,,,,,,,,,TRANSISTOR,
Sample Group,A114,TRANSISTOR,ECG2356,20160229,1,,,,,,,,,1,11,B1D1,11,,,,,,,,,,,,,,,,,,,,,,,,,,,,,,TRANSISTOR,
Sample Group,A1220,TRANSISTOR,ECG374,20160229,2,,,,,,,,,1,1,B1D4,1,,,,,,,,,,,,,,,,,,,,,,,,,,,,,,TRANSISTOR,
Sample Group,A1221,TRANSISTOR,,20160229,1,,,,,,,,,1,5,B1D4,5,,,,,,,,,,,,,,,,,,,,,,,,,,,,,,TRANSISTOR,
Sample Group,A124,TRANSISTOR,ECG2358,20160229,1,,,,,,,,,1,12,B1D1,12,,,,,,,,,,,,,,,,,,,,,,,,,,,,,,TRANSISTOR,
Sample Group,A1241Y,TRANSISTOR,ECG2527,20160229,2,,,,,,,,,1,2,B1D4,2,,,,,,,,,,,,,,,,,,,,,,,,,,,,,,TRANSISTOR,
Sample Group,A1263,TRANSISTOR,ECG37,20160229,8,,,,,,,,,1,1,B1D5,1,,,,,,,,,,,,,,,,,,,,,,,,,,,,,,TRANSISTOR,
Sample Group,A1266,TRANSISTOR,,20160229,1,,,,,,,,,1,15,B1D5,15,,,,,,,,,,,,,,,,,,,,,,,,,,,,,,TRANSISTOR,
Sample Group,A1271,TRANSISTOR,ECG383,20160229,1,,,,,,,,,1,3,B1D5,3,,,,,,,,,,,,,,,,,,,,,,,,,,,,,,TRANSISTOR,
Sample Group,A1273,TRANSISTOR,ECG12,20160229,1,,,,,,,,,1,6,B1D5,6,,,,,,,,,,,,,,,,,,,,,,,,,,,,,,TRANSISTOR,
Sample Group,A1294,TRANSISTOR,NO TIENE ECG,20160229,8,,,,,,,,,1,14,B1D5,14,,,,,,,,,,,,,,,,,,,,,,,,,,,,,,TRANSISTOR,
Sample Group,A1302,TRANSISTOR,ECG2329,20160229,,,,,,,,,,1,0,,,,,,,,,,,,,,,,,,,,,,,,,,,,,,,,TRANSISTOR,
Sample Group,A1306,TRANSISTOR,ECG2577,20160229,5,,,,,,,,,1,23,B1D6,23,,,,,,,,,,,,,,,,,,,,,,,,,,,,,,TRANSISTOR,
Sample Group,A1357,TRANSISTOR,ECG2514,20160229,2,,,,,,,,,1,6,B1D6,6,,,,,,,,,,,,,,,,,,,,,,,,,,,,,,TRANSISTOR,
Sample Group,A1370,TRANSISTOR,ECG2366,20160229,1,,,,,,,,,1,16,B1D6,16,,,,,,,,,,,,,,,,,,,,,,,,,,,,,,TRANSISTOR,
Sample Group,A143,TRANSISTOR,ECG123AP,20160229,1,,,,,,,,,1,6,B1D1,6,,,,,,,,,,,,,,,,,,,,,,,,,,,,,,TRANSISTOR,
Sample Group,A144,TRANSISTOR,ECG2360,20160229,1,,,,,,,,,1,10,B1D1,10,,,,,,,,,,,,,,,,,,,,,,,,,,,,,,TRANSISTOR,
Sample Group,A1494,TRANSISTOR,ECG59,20160229,,,,,,,,,,,0,,,,,,,,,,,,,,,,,,,,,,,,,,,,,,,,TRANSISTOR,
Sample Group,A1516,TRANSISTOR,ECG2329,20160229,8,,,,,,,,,1,3,B1D6,3,,,,,,,,,,,,,,,,,,,,,,,,,,,,,,TRANSISTOR,
Sample Group,A1560,TRANSISTOR,,20160229,1,,,,,,,,,1,1,B1D6,1,,,,,,,,,,,,,,,,,,,,,,,,,,,,,,TRANSISTOR,
Sample Group,A1668,TRANSISTOR,ECG2577,20160229,5,,,,,,,,,1,12,B1D7,12,,,,,,,,,,,,,,,,,,,,,,,,,,,,,,TRANSISTOR,
Sample Group,A1837,TRANSISTOR,ECG2647,20160229,5,,,,,,,,,1,4,B1D7,4,,,,,,,,,,,,,,,,,,,,,,,,,,,,,,TRANSISTOR,
Sample Group,A1941,TRANSISTOR,ECG37,20160229,7,,,,,,,,,1,5,B1D7,5,,,,,,,,,,,,,,,,,,,,,,,,,,,,,,TRANSISTOR,
Sample Group,A1943,TRANSISTOR,ECG2329,20160229,,,1,,,,,,,,0,,,,,,,,,,,,,,,,,,,,,,,,,,,,,,,,TRANSISTOR,
Sample Group,A341,TRANSISTOR,,20160229,1,,,,,,,,,1,2,B1D1,2,,,,,,,,,,,,,,,,,,,,,,,,,,,,,,TRANSISTOR,
Sample Group,A4051,TRANSISTOR,,20160229,6,,,,,,,,,1,2,B1D7,2,,,,,,,,,,,,,,,,,,,,,,,,,,,,,,TRANSISTOR,
Sample Group,A5218,INTEGRADO,,,8,,,,,,,,,1,10,A2A1,10,,,,,,,,,,,,,,,,,,,,,,,,,,,,,,INTEGRADO,
Sample Group,A564,TRANSISTOR,ECG290A,20160229,1,,,,,,,,,1,3,B1D1,3,,,,,,,,,,,,,,,,,,,,,,,,,,,,,,TRANSISTOR,
Sample Group,A6053,INTEGRADO,,,12,,,,,,,,,1,4,A2A1,4,,,,,,,,,,,,,,,,,,,,,,,,,,,,,,INTEGRADO,
Sample Group,A614,TRANSISTOR,ECG242,20160229,3,,,,,,,,,1,5,B1D1,5,,,,,,,,,,,,,,,,,,,,,,,,,,,,,,TRANSISTOR,
Sample Group,A6159,INTEGRADO,,,8,,,,,,,,,1,5,A2A1,5,,,,,,,,,,,,,,,,,,,,,,,,,,,,,,INTEGRADO,
Sample Group,A6252,INTEGRADO,,,12,,,,,,,,,1,3,A2A1,3,,,,,,,,,,,,,,,,,,,,,,,,,,,,,,INTEGRADO,
Sample Group,A6259,INTEGRADO,,,8,,,,,,,,,1,9,A2A1,9,,,,,,,,,,,,,,,,,,,,,,,,,,,,,,INTEGRADO,
Sample Group,A634,TRANSISTOR,ECG187,20160229,3,,,,,,,,,1,8,B1D1,8,,,,,,,,,,,,,,,,,,,,,,,,,,,,,,TRANSISTOR,
Sample Group,A6351,INTEGRADO,,,6,,,,,,,,,1,3,A2A1,3,,,,,,,,,,,,,,,,,,,,,,,,,,,,,,INTEGRADO,
Sample Group,A643,TRANSISTOR,ECG159,20160229,1,,,,,,,,,1,31,B1D2,31,,,,,,,,,,,,,,,,,,,,,,,,,,,,,,TRANSISTOR,
Sample Group,A699,TRANSISTOR,NO TIENE ECG,20160229,3,,,,,,,,,1,9,B1D2,9,,,,,,,,,,,,,,,,,,,,,,,,,,,,,,TRANSISTOR,
Sample Group,A708,TRANSISTOR,ECG129P,20160229,1,,,,,,,,,1,2,B1D2,2,,,,,,,,,,,,,,,,,,,,,,,,,,,,,,TRANSISTOR,
Sample Group,A733,TRANSISTOR,ECG290A,20160229,1,,,,,,,,,1,34,B1D2,34,,,,,,,,,,,,,,,,,,,,,,,,,,,,,,TRANSISTOR,
Sample Group,A7675,TRANSISTOR,,20160229,3,,,,,,,,,1,1,B1D7,1,,,,,,,,,,,,,,,,,,,,,,,,,,,,,,TRANSISTOR,
Sample Group,A7C,TRANSISTOR,,A2A01,3,,,,,,,,,1,7,A2A1,7,,,,,,,,,,,,,,,,,,,,,,,,,,,,,,TRANSISTOR,
Sample Group,A844,TRANSISTOR,ECG234,20160229,1,,,,,,,,,1,19,B1D2,19,,,,,,,,,,,,,,,,,,,,,,,,,,,,,,TRANSISTOR,
Sample Group,A893,TRANSISTOR,NO TIENE ECG,20160229,1,,,,,,,,,1,2,B1D2,2,,,,,,,,,,,,,,,,,,,,,,,,,,,,,,TRANSISTOR,
Sample Group,A928,TRANSISTOR,ECG25,20160229,1,,,,,,,,,1,10,B1D2,10,,,,,,,,,,,,,,,,,,,,,,,,,,,,,,TRANSISTOR,
Sample Group,A930,TRANSISTOR,ECG234,20160229,1,,,,,,,,,1,1,B1D2,1,,,,,,,,,,,,,,,,,,,,,,,,,,,,,,TRANSISTOR,
Sample Group,A935,TRANSISTOR,ECG298,20160229,1,,,,,,,,,1,9,B1D2,9,,,,,,,,,,,,,,,,,,,,,,,,,,,,,,TRANSISTOR,
Sample Group,A940,TRANSISTOR,ECG398,20160229,3,,,,,,,,,1,26,B1D3,26,,,,,,,,,,,,,,,,,,,,,,,,,,,,,,TRANSISTOR,
Sample Group,A950,TRANSISTOR,ECG290A,20160229,1,,,,,,,,,1,4,B1D3,4,,,,,,,,,,,,,,,,,,,,,,,,,,,,,,TRANSISTOR,
Sample Group,A966,TRANSISTOR,ECG294,20160229,1,,,,,,,,,1,27,B1D3,27,,,,,,,,,,,,,,,,,,,,,,,,,,,,,,TRANSISTOR,
Sample Group,A979,TRANSISTOR,NO TIENE ECG,20160229,1,,,,,,,,,1,9,B1D3,9,,,,,,,,,,,,,,,,,,,,,,,,,,,,,,TRANSISTOR,
Sample Group,A999,TRANSISTOR,ECG290A,20160229,1,,,,,,,,,1,1,B1D3,1,,,,,,,,,,,,,,,,,,,,,,,,,,,,,,TRANSISTOR,
Sample Group,AN6552,INTEGRADO,,,,,,,,,,,,1,1,A2A1,1,,,,,,,,,,,,,,,,,,,,,,,,,,,,,,INTEGRADO,
Sample Group,ATML340,INTEGRADO,,,,,,,,,,,,1,1,A2A1,1,,,,,,,,,,,,,,,,,,,,,,,,,,,,,,INTEGRADO,
Sample Group,ATML650,INTEGRADO,,,,,,,,,,,,1,0,A2A1,0,,,,,,,,,,,,,,,,,,,,,,,,,,,,,,INTEGRADO,
Sample Group,B1068,TRANSISTOR,ECG12,20160229,1,,,,,,,,,1,32,B1D14,32,,,,,,,,,,,,,,,,,,,,,,,,,,,,,,TRANSISTOR,
Sample Group,B1098,TRANSISTOR,ECG2344,20160229,6,,,,,,,,,1,6,B1D14,6,,,,,,,,,,,,,,,,,,,,,,,,,,,,,,TRANSISTOR,
Sample Group,B1185,TRANSISTOR,ECG2674,20160229,5,,,,,,,,,1,9,B1D14,9,,,,,,,,,,,,,,,,,,,,,,,,,,,,,,TRANSISTOR,
Sample Group,B1237,TRANSISTOR,ECG21,20160229,2,,,,,,,,,1,8,B1D14,8,,,,,,,,,,,,,,,,,,,,,,,,,,,,,,TRANSISTOR,
Sample Group,B1240,TRANSISTOR,,20160229,2,,,,,,,,,1,5,B1D14,5,,,,,,,,,,,,,,,,,,,,,,,,,,,,,,TRANSISTOR,
Sample Group,B1243,TRANSISTOR,NO TIENE ECG,20160229,2,,,,,,,,,1,10,B1D14,10,,,,,,,,,,,,,,,,,,,,,,,,,,,,,,TRANSISTOR,
Sample Group,B1274,TRANSISTOR,ECG121,20160229,5,,,,,,,,,1,3,B1D15,3,,,,,,,,,,,,,,,,,,,,,,,,,,,,,,TRANSISTOR,
Sample Group,B1318,TRANSISTOR,NO TIENE ECG,20160229,2,,,,,,,,,1,11,B1D15,11,,,,,,,,,,,,,,,,,,,,,,,,,,,,,,TRANSISTOR,
Sample Group,B1329,TRANSISTOR,NO TIENE ECG,20160229,3,,,,,,,,,1,7,B1D15,7,,,,,,,,,,,,,,,,,,,,,,,,,,,,,,TRANSISTOR,
Sample Group,B1340,TRANSISTOR,NO TIENE ECG,20160229,6,,,,,,,,,1,8,B1D15,8,,,,,,,,,,,,,,,,,,,,,,,,,,,,,,TRANSISTOR,
Sample Group,B1342,TRANSISTOR,ECG262,20160229,4,,,,,,,,,1,16,B1C1,16,,,,,,,,,,,,,,,,,,,,,,,,,,,,,,TRANSISTOR,
Sample Group,B1370,TRANSISTOR,ECG378,20160229,5,,,,,,,,,1,5,B1C1,5,,,,,,,,,,,,,,,,,,,,,,,,,,,,,,TRANSISTOR,
Sample Group,B1375,TRANSISTOR,,20160229,5,,,,,,,,,1,1,B1C1,1,,,,,,,,,,,,,,,,,,,,,,,,,,,,,,TRANSISTOR,
Sample Group,B1566,TRANSISTOR,ECG2674,20160229,5,,,,,,,,,1,19,B1C1,19,,,,,,,,,,,,,,,,,,,,,,,,,,,,,,TRANSISTOR,
Sample Group,B1624,TRANSISTOR,ECG2686,20160229,9,,,,,,,,,1,4,B1C1,4,,,,,,,,,,,,,,,,,,,,,,,,,,,,,,TRANSISTOR,
Sample Group,B1686,TRANSISTOR,NO TIENE ECG,20160229,5,,,,,,,,,1,12,B1C1,12,,,,,,,,,,,,,,,,,,,,,,,,,,,,,,TRANSISTOR,
Sample Group,B492,TRANSISTOR,ECG176,20160229,2,,,,,,,,,1,21,B1D11,21,,,,,,,,,,,,,,,,,,,,,,,,,,,,,,TRANSISTOR,
Sample Group,B511,TRANSISTOR,ECG187,20160229,3,,,,,,,,,1,1,B1D11,1,,,,,,,,,,,,,,,,,,,,,,,,,,,,,,TRANSISTOR,
Sample Group,B544,TRANSISTOR,ECG294,20160229,2,,,,,,,,,1,16,B1D11,16,,,,,,,,,,,,,,,,,,,,,,,,,,,,,,TRANSISTOR,
Sample Group,B560,TRANSISTOR,ECG383,20160229,1,,,,,,,,,1,8,B1D11,8,,,,,,,,,,,,,,,,,,,,,,,,,,,,,,TRANSISTOR,
Sample Group,B596,TRANSISTOR,ECG242,20160229,3,,,,,,,,,1,12,B1D11,12,,,,,,,,,,,,,,,,,,,,,,,,,,,,,,TRANSISTOR,
Sample Group,B641-Q,TRANSISTOR,ECG19,20160229,2,,,,,,,,,1,7,B1D11,7,,,,,,,,,,,,,,,,,,,,,,,,,,,,,,TRANSISTOR,
Sample Group,B642,TRANSISTOR,,20160229,2,,,,,,,,,1,1,B1D11,1,,,,,,,,,,,,,,,,,,,,,,,,,,,,,,TRANSISTOR,
Sample Group,B649,TRANSISTOR,ECG374,20160229,3,,,,,,,,,1,10,B1D12,10,,,,,,,,,,,,,,,,,,,,,,,,,,,,,,TRANSISTOR,
Sample Group,B716,TRANSISTOR,NO TIENE ECG,20160229,1,,,,,,,,,1,1,B1D12,1,,,,,,,,,,,,,,,,,,,,,,,,,,,,,,TRANSISTOR,
Sample Group,B772,TRANSISTOR,ECG185,20160229,2,,,,,,,,,1,11,B1D12,11,,,,,,,,,,,,,,,,,,,,,,,,,,,,,,TRANSISTOR,
Sample Group,B817,TRANSISTOR,ECG37,20160229,6,,,,,,,,,1,10,B1D12,10,,,,,,,,,,,,,,,,,,,,,,,,,,,,,,TRANSISTOR,
Sample Group,B824,TRANSISTOR,ECG378,20160229,3,,,,,,,,,1,4,B1D13,4,,,,,,,,,,,,,,,,,,,,,,,,,,,,,,TRANSISTOR,
Sample Group,B834,TRANSISTOR,ECG153,20160229,3,,,,,,,,,1,10,B1D13,10,,,,,,,,,,,,,,,,,,,,,,,,,,,,,,TRANSISTOR,
Sample Group,B836,TRANSISTOR,,20160229,4,,,,,,,,,1,10,B1D13,10,,,,,,,,,,,,,,,,,,,,,,,,,,,,,,TRANSISTOR,
Sample Group,B892,TRANSISTOR,ECG2364,20160229,2,,,,,,,,,1,6,B1D13,6,,,,,,,,,,,,,,,,,,,,,,,,,,,,,,TRANSISTOR,
Sample Group,BA05T,TRANSISTOR,NO TIENE ECG,20160229,8,,,,,,,,,1,1,B1C1,1,,,,,,,,,,,,,,,,,,,,,,,,,,,,,,TRANSISTOR,
Sample Group,BA5417,INTEGRADO,,,6,,,,,,,,,1,2,A2A2,2,,,,,,,,,,,,,,,,,,,,,,,,,,,,,,INTEGRADO,
Sample Group,BC548,TRANSISTOR,ECG123AP,20160229,1,,,,,,,,,1,18,B1C2,18,,,,,,,,,,,,,,,,,,,,,,,,,,,,,,TRANSISTOR,
Sample Group,BC558,TRANSISTOR,ECG159,20160229,1,,,,,,,,,1,139,B1C2,139,,,,,,,,,,,,,,,,,,,,,,,,,,,,,,TRANSISTOR,
Sample Group,BC636,TRANSISTOR,,20160229,1,,,,,,,,,1,1,B1C2,1,,,,,,,,,,,,,,,,,,,,,,,,,,,,,,TRANSISTOR,
Sample Group,BD135,TRANSISTOR,ECG375,20160229,2,,,,,,,,,1,13,B1C2,13,,,,,,,,,,,,,,,,,,,,,,,,,,,,,,TRANSISTOR,
Sample Group,BD233,TRANSISTOR,ECG184,20160229,3,,,,,,,,,1,10,B1C2,10,,,,,,,,,,,,,,,,,,,,,,,,,,,,,,TRANSISTOR,
Sample Group,BD234,TRANSISTOR,ECG185,20160229,4,,,,,,,,,1,10,B1C2,10,,,,,,,,,,,,,,,,,,,,,,,,,,,,,,TRANSISTOR,
Sample Group,BD237,TRANSISTOR,ECG184,20160229,3,,,,,,,,,1,10,B1C2,10,,,,,,,,,,,,,,,,,,,,,,,,,,,,,,TRANSISTOR,
Sample Group,BD243,TRANSISTOR,ECG377,20160229,3,,,,,,,,,1,3,B1C3,3,,,,,,,,,,,,,,,,,,,,,,,,,,,,,,TRANSISTOR,
Sample Group,BD434,TRANSISTOR,,20160229,3,,,,,,,,,1,1,B1C3,1,,,,,,,,,,,,,,,,,,,,,,,,,,,,,,TRANSISTOR,
Sample Group,BD435,TRANSISTOR,,20160229,3,,,,,,,,,1,2,B1C3,2,,,,,,,,,,,,,,,,,,,,,,,,,,,,,,TRANSISTOR,
Sample Group,BD677,TRANSISTOR,ECG253,20160229,3,,,,,,,,,1,17,B1C3,17,,,,,,,,,,,,,,,,,,,,,,,,,,,,,,TRANSISTOR,
Sample Group,BD680,TRANSISTOR,ECG254,20160229,,,,,,,,,,1,0,B1C3,0,,,,,,,,,,,,,,,,,,,,,,,,,,,,,,TRANSISTOR,
Sample Group,BD681,TRANSISTOR,NO TIENE ECG,20160229,3,,,,,,,,,1,3,B1C3,3,,,,,,,,,,,,,,,,,,,,,,,,,,,,,,TRANSISTOR,
Sample Group,BDX53C,TRANSISTOR,ECG263,20160229,3,,,,,,,,,1,43,B1C4,43,,,,,,,,,,,,,,,,,,,,,,,,,,,,,,TRANSISTOR,
Sample Group,BF324,TRANSISTOR,ECG395,20160229,2,,,,,,,,,1,52,B1C4,52,,,,,,,,,,,,,,,,,,,,,,,,,,,,,,TRANSISTOR,
Sample Group,BSC25-5519,FLYBACK,,,45,,,,,,,,,1,1,A1,1,,,,,,,,,,,,,,,,,,,,,,,,,,,,,,FLYBACK,
Sample Group,BSC25-N0329,FLYBACK,,,40,,,,,,,,,1,2,A1,2,,,,,,,,,,,,,,,,,,,,,,,,,,,,,,FLYBACK,
Sample Group,BSC25-T1029,FLYBACK,,,50,,,,,,,,,1,1,A1,1,,,,,,,,,,,,,,,,,,,,,,,,,,,,,,FLYBACK,
Sample Group,BSC59J,FLYBACK,,,30,,,,,,,,,1,1,A1,1,,,,,,,,,,,,,,,,,,,,,,,,,,,,,,FLYBACK,
Sample Group,BT134,TRANSISTOR,,,2,,,,,,,,,1,9,B1C4,9,,,,,,,,,,,,,,,,,,,,,,,,,,,,,,TRANSISTOR,
Sample Group,BT136,TRANSISTOR,,,2,,,,,,,,,1,17,A2A3,17,,,,,,,,,,,,,,,,,,,,,,,,,,,,,,TRANSISTOR,
Sample Group,BT137,TRANSISTOR,,,3,,,,,,,,,1,16,A2A3,16,,,,,,,,,,,,,,,,,,,,,,,,,,,,,,TRANSISTOR,
Sample Group,BT138,TRANSISTOR,,,2.5,,,,,,,,,1,1,A2A3,1,,,,,,,,,,,,,,,,,,,,,,,,,,,,,,TRANSISTOR,
Sample Group,BT139,TRANSISTOR,,,3,,,,,,,,,1,4,B1C4,4,,,,,,,,,,,,,,,,,,,,,,,,,,,,,,TRANSISTOR,
Sample Group,BT151,TRANSISTOR,,,2.5,,,,,,,,,1,13,A2A4,5,B1C5,8,,,,,,,,,,,,,,,,,,,,,,,,,,,,TRANSISTOR,
Sample Group,BT152,TRANSISTOR,,,4,,,,,,,,,1,21,A2A4,11,B1C5,10,,,,,,,,,,,,,,,,,,,,,,,,,,,,TRANSISTOR,
Sample Group,BT169,TRANSISTOR,,,2,,,,,,,,,1,10,A2A4,10,,,,,,,,,,,,,,,,,,,,,,,,,,,,,,TRANSISTOR,
Sample Group,BTA06,TRANSISTOR,,,,,,,,,,,,1,0,A2A2,0,,,,,,,,,,,,,,,,,,,,,,,,,,,,,,TRANSISTOR,
Sample Group,BTA08,TRANSISTOR,,,3,,,,,,,,,1,5,A2A2,5,,,,,,,,,,,,,,,,,,,,,,,,,,,,,,TRANSISTOR,
Sample Group,BTA12,TRANSISTOR,,,4,,,,,,,,,1,1,A2A2,1,,,,,,,,,,,,,,,,,,,,,,,,,,,,,,TRANSISTOR,
Sample Group,BTA134,TRANSISTOR,,,3,,,,,,,,,1,25,A2A2,25,,,,,,,,,,,,,,,,,,,,,,,,,,,,,,TRANSISTOR,
Sample Group,BTA16,TRANSISTOR,,,5,,,,,,,,,1,0,A2A2,0,,,,,,,,,,,,,,,,,,,,,,,,,,,,,,TRANSISTOR,
Sample Group,BTA41-600B,TRANSISTOR,,,13,,,,,,,,,1,4,A2A3,4,,,,,,,,,,,,,,,,,,,,,,,,,,,,,,TRANSISTOR,
Sample Group,BU1506DX,TRANSISTOR,NO TIENE ECG,20160229,6,,,,,,,,,1,1,B1C6,1,,,,,,,,,,,,,,,,,,,,,,,,,,,,,,TRANSISTOR,
Sample Group,BU2090,TRANSISTOR,NO TIENE ECG,20160229,20,,,,,,,,,1,2,B1C6,2,,,,,,,,,,,,,,,,,,,,,,,,,,,,,,TRANSISTOR,
Sample Group,BU2506DF,TRANSISTOR,ECG2331,20160229,10,,,,,,,,,1,1,B1C6,1,,,,,,,,,,,,,,,,,,,,,,,,,,,,,,TRANSISTOR,
Sample Group,BU2508AF,TRANSISTOR,ECG2354,20160229,8,,,,,,,,,1,1,B1C7,1,,,,,,,,,,,,,,,,,,,,,,,,,,,,,,TRANSISTOR,
Sample Group,BU2508DF,TRANSISTOR,ECG2353,20160229,8,,,,,,,,,1,1,B1C7,1,,,,,,,,,,,,,,,,,,,,,,,,,,,,,,TRANSISTOR,
Sample Group,BU2520AX,TRANSISTOR,ECG2354,20160229,8,,,,,,,,,1,3,B1C8,3,,,,,,,,,,,,,,,,,,,,,,,,,,,,,,TRANSISTOR,
Sample Group,BU2520DF,TRANSISTOR,ECG2353,20160229,9,,,,,,,,,1,2,B1C8,2,,,,,,,,,,,,,,,,,,,,,,,,,,,,,,TRANSISTOR,
Sample Group,BU2527AX,TRANSISTOR,ECG2365,20160229,9,,,,,,,,,1,3,B1C9,3,,,,,,,,,,,,,,,,,,,,,,,,,,,,,,TRANSISTOR,
Sample Group,BU2527DF,TRANSISTOR,NO TIENE ECG,20160229,9,,,,,,,,,1,5,B1C9,5,,,,,,,,,,,,,,,,,,,,,,,,,,,,,,TRANSISTOR,
Sample Group,BU426,TRANSISTOR,ECG2310,20160229,6,,,,,,,,,1,3,B1C6,3,,,,,,,,,,,,,,,,,,,,,,,,,,,,,,TRANSISTOR,
Sample Group,BU4508DX,TRANSISTOR,,20160229,10,,,,,,,,,1,1,B1C10,1,,,,,,,,,,,,,,,,,,,,,,,,,,,,,,TRANSISTOR,
Sample Group,BU508D,TRANSISTOR,ECG2318,20160229,7,,,,,,,,,1,5,B1C6,5,,,,,,,,,,,,,,,,,,,,,,,,,,,,,,TRANSISTOR,
Sample Group,BUH517D,TRANSISTOR,,20160229,8,,,,,,,,,1,4,B1C11,4,,,,,,,,,,,,,,,,,,,,,,,,,,,,,,TRANSISTOR,
Sample Group,BUK444,TRANSISTOR,ECG2388,20160229,,,,,,,,,,1,0,B1C11,0,,,,,,,,,,,,,,,,,,,,,,,,,,,,,,TRANSISTOR,
Sample Group,BUK9507,TRANSISTOR,,20160229,,,,,,,,,,1,0,B1C11,0,,,,,,,,,,,,,,,,,,,,,,,,,,,,,,TRANSISTOR,
Sample Group,BUL312,TRANSISTOR,,,5,,,,,,,,,1,4,A2A4,4,,,,,,,,,,,,,,,,,,,,,,,,,,,,,,TRANSISTOR,
Sample Group,BUL312FP,TRANSISTOR,,,5,,,,,,,,,1,3,B1C12,3,,,,,,,,,,,,,,,,,,,,,,,,,,,,,,TRANSISTOR,
Sample Group,BUT11,TRANSISTOR,,20160229,4,,,,,,,,,1,2,B1C12,2,,,,,,,,,,,,,,,,,,,,,,,,,,,,,,TRANSISTOR,
Sample Group,BUT11APX,TRANSISTOR,ECG2333,20160229,4,,,,,,,,,1,12,B1C12,12,,,,,,,,,,,,,,,,,,,,,,,,,,,,,,TRANSISTOR,
Sample Group,BUW84,TRANSISTOR,ECG2313,20160229,9,,,,,,,,,1,6,B1C13,6,,,,,,,,,,,,,,,,,,,,,,,,,,,,,,TRANSISTOR,
Sample Group,BUX84,TRANSISTOR,ECG2313,20160229,3,,,,,,,,,1,9,B1C13,9,,,,,,,,,,,,,,,,,,,,,,,,,,,,,,TRANSISTOR,
Sample Group,BUZ11,TRANSISTOR,ECG2389,20160229,5,,,,,,,,,1,19,B1C13,19,,,,,,,,,,,,,,,,,,,,,,,,,,,,,,TRANSISTOR,
Sample Group,BX6044,TRANSISTOR,,,,,,,,,,,,1,1,A2A5,1,,,,,,,,,,,,,,,,,,,,,,,,,,,,,,TRANSISTOR,
Sample Group,BX6087,TRANSISTOR,,,,,,,,,,,,1,1,A2A5,1,,,,,,,,,,,,,,,,,,,,,,,,,,,,,,TRANSISTOR,
Sample Group,BX7040,TRANSISTOR,,,,,,,,,,,,1,1,A2A5,1,,,,,,,,,,,,,,,,,,,,,,,,,,,,,,TRANSISTOR,
Sample Group,C1060,TRANSISTOR,NPN MEDIANO 3A 50V 25W 150 °C  ECG152,20160229,,,,,,,,,,,0,,,,,,,,,,,,,,,,,,,,,,,,,,,,,,,,TRANSISTOR,
Sample Group,C106D,TRANSISTOR,NPN CHICO 0.05A 30V 0.25W 150 °C,20160229,3,,,,,,,,,1,4,B2D1,4,,,,,,,,,,,,,,,,,,,,,,,,,,,,,,TRANSISTOR,
Sample Group,C106M,TRANSISTOR,,20160229,3,,,,,,,,,1,8,B2D1,8,,,,,,,,,,,,,,,,,,,,,,,,,,,,,,TRANSISTOR,
Sample Group,C1096,TRANSISTOR,NPN MEDIANO 3A 40V 10W 150 °C ECG186A,20160229,3,,,,,,,,,1,9,B2D2,9,,,,,,,,,,,,,,,,,,,,,,,,,,,,,,TRANSISTOR,
Sample Group,C110,TRANSISTOR,NPN CHICO 0.2A 40V 0.75W 150 °C,20160229,1,,,,,,,,,1,3,B2D1,3,,,,,,,,,,,,,,,,,,,,,,,,,,,,,,TRANSISTOR,
Sample Group,C114,TRANSISTOR,NPN CHICO 0.2A 50V 0.75W 150 °C  ECG128,20160229,1,,,,,,,,,1,16,B2D1,16,,,,,,,,,,,,,,,,,,,,,,,,,,,,,,TRANSISTOR,
Sample Group,C114Y,TRANSISTOR,,20160229,1,,,,,,,,,1,3,B2D1,3,,,,,,,,,,,,,,,,,,,,,,,,,,,,,,TRANSISTOR,
Sample Group,C124,TRANSISTOR,NPN CHICO 0.025A 40V 0.25W 150 °C,20160229,1,,,,,,,,,1,3,B2D1,3,,,,,,,,,,,,,,,,,,,,,,,,,,,,,,TRANSISTOR,
Sample Group,C1313,TRANSISTOR,NPN CHICO 0.1A 50V 0.2W 150 °C  ECG199,20160229,2,,,,,,,,,1,2,B2D3,2,,,,,,,,,,,,,,,,,,,,,,,,,,,,,,TRANSISTOR,
Sample Group,C1360,TRANSISTOR,NPN CHICO 0.1A 50V 0.65W 150 °C  ECG199,20160229,,,1,,,,,,,,0,,,,,,,,,,,,,,,,,,,,,,,,,,,,,,,,TRANSISTOR,
Sample Group,C1368,TRANSISTOR,NPN CHICO 1.5A 25V 8W 125 °C  ECG184,20160229,,,1,,,,,,,,0,,,,,,,,,,,,,,,,,,,,,,,,,,,,,,,,TRANSISTOR,
Sample Group,C138,TRANSISTOR,NPN CHICO 0.5A 60V 0.8W 175 °C  ECG123AP,20160229,,,1,,,,,,,,0,,,,,,,,,,,,,,,,,,,,,,,,,,,,,,,,TRANSISTOR,
Sample Group,C1383,TRANSISTOR,NPN CHICO 1.5A 30V 0.75W 175 °C  ECG293,20160229,2,,,,,,,,,1,7,B2D3,7,,,,,,,,,,,,,,,,,,,,,,,,,,,,,,TRANSISTOR,
Sample Group,C143,TRANSISTOR,NPN CHICO 0.2A 40V 0.36W 175 °C  ECG123AP,20160229,1,,,,,,,,,1,7,B2D1,7,,,,,,,,,,,,,,,,,,,,,,,,,,,,,,TRANSISTOR,
Sample Group,C144ESY,TRANSISTOR,NPN CHICO 0.2A 50V 0.36W 175 °C,20160229,1,,,,,,,,,1,21,B2D1,21,,,,,,,,,,,,,,,,,,,,,,,,,,,,,,TRANSISTOR,
Sample Group,C144K,TRANSISTOR,ECG123AP,20160229,1,,,,,,,,,1,45,B2D1,45,,,,,,,,,,,,,,,,,,,,,,,,,,,,,,TRANSISTOR,
Sample Group,C1470,TRANSISTOR,NPN MEDIANO 30A 450V 200W 175 °C   NO TIENE ECG,20160229,2,,,,,,,,,1,17,B2D3,17,,,,,,,,,,,,,,,,,,,,,,,,,,,,,,TRANSISTOR,
Sample Group,C1473,TRANSISTOR,ECG399,20160229,1,,,,,,,,,1,29,B2D3,29,,,,,,,,,,,,,,,,,,,,,,,,,,,,,,TRANSISTOR,
Sample Group,C1475,TRANSISTOR,ECG315,20160229,2,,,,,,,,,1,5,B2D3,5,,,,,,,,,,,,,,,,,,,,,,,,,,,,,,TRANSISTOR,
Sample Group,C1507,TRANSISTOR,ECG198.  =C2023,20160229,3,,,,,,,,,1,9,B2D3,9,,,,,,,,,,,,,,,,,,,,,,,,,,,,,,TRANSISTOR,
Sample Group,C1509,TRANSISTOR,ECG297,20160229,2,,,,,,,,,1,5,B2D3,5,,,,,,,,,,,,,,,,,,,,,,,,,,,,,,TRANSISTOR,
Sample Group,C1627,TRANSISTOR,,20160229,2,,,,,,,,,1,1,B2D3,1,,,,,,,,,,,,,,,,,,,,,,,,,,,,,,TRANSISTOR,
Sample Group,C1740,TRANSISTOR,ECG85,20160229,1,,,,,,,,,1,10,B2D4,10,,,,,,,,,,,,,,,,,,,,,,,,,,,,,,TRANSISTOR,
Sample Group,C1810,TRANSISTOR, ECG80,20160229,3,,,,,,,,,1,10,B2D4,10,,,,,,,,,,,,,,,,,,,,,,,,,,,,,,TRANSISTOR,
Sample Group,C1841,TRANSISTOR,ECG90,20160229,1,,,,,,,,,1,12,B2D4,12,,,,,,,,,,,,,,,,,,,,,,,,,,,,,,TRANSISTOR,
Sample Group,C1845,TRANSISTOR,ECG2696,20160229,1,,,,,,,,,1,3,B2D4,3,,,,,,,,,,,,,,,,,,,,,,,,,,,,,,TRANSISTOR,
Sample Group,C1890,TRANSISTOR,ECG90,20160229,1,,,,,,,,,1,8,B2D4,8,,,,,,,,,,,,,,,,,,,,,,,,,,,,,,TRANSISTOR,
Sample Group,C1984,TRANSISTOR,,,4,,,,,,,,,1,9,B2D4,9,,,,,,,,,,,,,,,,,,,,,,,,,,,,,,TRANSISTOR,
Sample Group,C2001,TRANSISTOR,ECG85,20160229,1,,,,,,,,,1,59,B2D4,59,,,,,,,,,,,,,,,,,,,,,,,,,,,,,,TRANSISTOR,
Sample Group,C2026,TRANSISTOR,ECG23,20160229,1,,,,,,,,,1,18,B2D4,18,,,,,,,,,,,,,,,,,,,,,,,,,,,,,,TRANSISTOR,
Sample Group,C2053,TRANSISTOR,ECG340,20160229,2,,,,,,,,,1,13,B2D4,13,,,,,,,,,,,,,,,,,,,,,,,,,,,,,,TRANSISTOR,
Sample Group,C2061,TRANSISTOR,ECG297,20160229,2,,,,,,,,,1,14,B2D5,14,,,,,,,,,,,,,,,,,,,,,,,,,,,,,,TRANSISTOR,
Sample Group,C2068,TRANSISTOR,ECG376,20160229,3,,,,,,,,,1,1,B2D5,1,,,,,,,,,,,,,,,,,,,,,,,,,,,,,,TRANSISTOR,
Sample Group,C2070,TRANSISTOR,ECG123A,20160229,3,,,,,,,,,1,0,B2D5,0,,,,,,,,,,,,,,,,,,,,,,,,,,,,,,TRANSISTOR,
Sample Group,C2073,TRANSISTOR,ECG375,20160229,3,,,,,,,,,1,14,B2D5,14,,,,,,,,,,,,,,,,,,,,,,,,,,,,,,TRANSISTOR,
Sample Group,C2078,TRANSISTOR,ECG235,20160229,3,,,,,,,,,1,35,B2D5,35,,,,,,,,,,,,,,,,,,,,,,,,,,,,,,TRANSISTOR,
Sample Group,C2092,TRANSISTOR,ECG2354,20160229,4,,,,,,,,,1,1,B2D6,1,,,,,,,,,,,,,,,,,,,,,,,,,,,,,,TRANSISTOR,
Sample Group,C2120,TRANSISTOR,ECG289A,20160229,1,,,,,,,,,1,1,B2D6,1,,,,,,,,,,,,,,,,,,,,,,,,,,,,,,TRANSISTOR,
Sample Group,C2230,TRANSISTOR,,20160229,1,,,,,,,,,1,6,B2D6,6,,,,,,,,,,,,,,,,,,,,,,,,,,,,,,TRANSISTOR,
Sample Group,C2231,TRANSISTOR,ECG2541,20160229,3,,,,,,,,,1,18,B2D6,18,,,,,,,,,,,,,,,,,,,,,,,,,,,,,,TRANSISTOR,
Sample Group,C2233,TRANSISTOR,ECG51,20160229,3,,,,,,,,,1,5,B2D6,5,,,,,,,,,,,,,,,,,,,,,,,,,,,,,,TRANSISTOR,
Sample Group,C2234,TRANSISTOR,,20160229,3,,,,,,,,,1,1,B2D6,1,,,,,,,,,,,,,,,,,,,,,,,,,,,,,,TRANSISTOR,
Sample Group,C2236,TRANSISTOR,ECG382,20160229,2,,,,,,,,,1,27,B2D6,27,,,,,,,,,,,,,,,,,,,,,,,,,,,,,,TRANSISTOR,
Sample Group,C2240,TRANSISTOR,ECG2696,20160229,2,,,,,,,,,1,10,B2D6,10,,,,,,,,,,,,,,,,,,,,,,,,,,,,,,TRANSISTOR,
Sample Group,C2258,TRANSISTOR,ECG2501,20160229,3,,,,,,,,,1,2,B2D7,2,,,,,,,,,,,,,,,,,,,,,,,,,,,,,,TRANSISTOR,
Sample Group,C2259,TRANSISTOR,NO TIENE ECG,20160229,3,,,,,,,,,1,4,B2D7,4,,,,,,,,,,,,,,,,,,,,,,,,,,,,,,TRANSISTOR,
Sample Group,C2270,TRANSISTOR,NO TIENE ECG,20160229,3,,,,,,,,,1,2,B2D7,2,,,,,,,,,,,,,,,,,,,,,,,,,,,,,,TRANSISTOR,
Sample Group,C2274,TRANSISTOR,ECG289A,20160229,1,,,,,,,,,1,3,B2D7,3,,,,,,,,,,,,,,,,,,,,,,,,,,,,,,TRANSISTOR,
Sample Group,C2317,TRANSISTOR,NO TIENE ECG,20160229,5,,,,,,,,,1,3,B2D7,3,,,,,,,,,,,,,,,,,,,,,,,,,,,,,,TRANSISTOR,
Sample Group,C2320,TRANSISTOR,ECG85,20160229,2,,,,,,,,,1,1,B2D7,1,,,,,,,,,,,,,,,,,,,,,,,,,,,,,,TRANSISTOR,
Sample Group,C2321,TRANSISTOR,NO TIENE ECG,20160229,,,,,,,,,,,0,,,,,,,,,,,,,,,,,,,,,,,,,,,,,,,,TRANSISTOR,
Sample Group,C2328,TRANSISTOR,NO TIENE ECG,20160229,2,,,,,,,,,1,17,B2D7,17,,,,,,,,,,,,,,,,,,,,,,,,,,,,,,TRANSISTOR,
Sample Group,C2330,TRANSISTOR,,20160229,2,,,,,,,,,1,17,B2D7,17,,,,,,,,,,,,,,,,,,,,,,,,,,,,,,TRANSISTOR,
Sample Group,C2331,TRANSISTOR,ECG293,20160229,2,,,,,,,,,1,31,B2D8,31,,,,,,,,,,,,,,,,,,,,,,,,,,,,,,TRANSISTOR,
Sample Group,C2383,TRANSISTOR,ECG31,20160229,2,,,,,,,,,1,0,B2D8,0,,,,,,,,,,,,,,,,,,,,,,,,,,,,,,TRANSISTOR,
Sample Group,C2500,TRANSISTOR,ECG2363,20160229,2,,,,,,,,,1,4,B2D8,4,,,,,,,,,,,,,,,,,,,,,,,,,,,,,,TRANSISTOR,
Sample Group,C2513,TRANSISTOR,NO TIENE ECG,20160229,,,,,,,,,,,0,,,,,,,,,,,,,,,,,,,,,,,,,,,,,,,,TRANSISTOR,
Sample Group,C2570,TRANSISTOR,ECG10,20160229,1,,,,,,,,,1,13,B2D8,13,,,,,,,,,,,,,,,,,,,,,,,,,,,,,,TRANSISTOR,
Sample Group,C2625,TRANSISTOR,,20160229,7,,,,,,,,,1,1,B2D8,1,,,,,,,,,,,,,,,,,,,,,,,,,,,,,,TRANSISTOR,
Sample Group,C2655,TRANSISTOR,ECG2363,20160229,1,,,,,,,,,1,54,B2D8,54,,,,,,,,,,,,,,,,,,,,,,,,,,,,,,TRANSISTOR,
Sample Group,C2688,TRANSISTOR,NO TIENE ECG,20160229,2,,,,,,,,,1,2,B2D8,2,,,,,,,,,,,,,,,,,,,,,,,,,,,,,,TRANSISTOR,
Sample Group,C2705,TRANSISTOR,ECG31,20160229,1.5,,,,,,,,,1,1,B2D9,1,,,,,,,,,,,,,,,,,,,,,,,,,,,,,,TRANSISTOR,
Sample Group,C2752,TRANSISTOR,ECG2327,20160229,3,,,,,,,,,1,7,B2D9,7,,,,,,,,,,,,,,,,,,,,,,,,,,,,,,TRANSISTOR,
Sample Group,C3039,TRANSISTOR,ECG379,20160229,4,,,,,,,,,1,4,B2D9,4,,,,,,,,,,,,,,,,,,,,,,,,,,,,,,TRANSISTOR,
Sample Group,C3090,TRANSISTOR,ECG2348,20160229,8,,,,,,,,,1,5,B2D9,5,,,,,,,,,,,,,,,,,,,,,,,,,,,,,,TRANSISTOR,
Sample Group,C3153,TRANSISTOR,ECG2309,20160229,7,,,,,,,,,1,2,B2D9,2,,,,,,,,,,,,,,,,,,,,,,,,,,,,,,TRANSISTOR,
Sample Group,C3203,TRANSISTOR,ECG382,20160229,1,,,,,,,,,1,4,B2D10,4,,,,,,,,,,,,,,,,,,,,,,,,,,,,,,TRANSISTOR,
Sample Group,C3205,TRANSISTOR,ECG11,20160229,1,,,,,,,,,1,14,B2D10,14,,,,,,,,,,,,,,,,,,,,,,,,,,,,,,TRANSISTOR,
Sample Group,C3207,TRANSISTOR,ECG399,20160229,1,,,,,,,,,1,21,B2D10,21,,,,,,,,,,,,,,,,,,,,,,,,,,,,,,TRANSISTOR,
Sample Group,C3210,TRANSISTOR,ECG2308,20160229,1,,,,,,,,,1,1,B2D10,1,,,,,,,,,,,,,,,,,,,,,,,,,,,,,,TRANSISTOR,
Sample Group,C3229,TRANSISTOR,ECG171,20160229,4,,,,,,,,,1,5,B2D10,5,,,,,,,,,,,,,,,,,,,,,,,,,,,,,,TRANSISTOR,
Sample Group,C3231,TRANSISTOR,ECG51,20160229,5,,,,,,,,,1,1,B2D10,1,,,,,,,,,,,,,,,,,,,,,,,,,,,,,,TRANSISTOR,
Sample Group,C3263,TRANSISTOR,ECG2539,20160229,7,,,,,,,,,1,11,B2D11,11,,,,,,,,,,,,,,,,,,,,,,,,,,,,,,TRANSISTOR,
Sample Group,C3271,TRANSISTOR,ECG157,20160229,3,,,,,,,,,1,4,B2D11,4,,,,,,,,,,,,,,,,,,,,,,,,,,,,,,TRANSISTOR,
Sample Group,C3281,TRANSISTOR,ECG2328,20160229,7,,,,,,,,,1,5,B2D11,5,,,,,,,,,,,,,,,,,,,,,,,,,,,,,,TRANSISTOR,
Sample Group,C3298,TRANSISTOR,ECG2576,20160229,3,,,,,,,,,1,21,B2D12,21,,,,,,,,,,,,,,,,,,,,,,,,,,,,,,TRANSISTOR,
Sample Group,C3306,TRANSISTOR,ECG2308,20160229,6,,,,,,,,,1,6,B2D12,6,,,,,,,,,,,,,,,,,,,,,,,,,,,,,,TRANSISTOR,
Sample Group,C3420,TRANSISTOR,ECG2513,20160229,3,,,,,,,,,1,10,B2D12,10,,,,,,,,,,,,,,,,,,,,,,,,,,,,,,TRANSISTOR,
Sample Group,C3457,TRANSISTOR,ECG2339,20160229,4,,,,,,,,,1,1,B2D12,1,,,,,,,,,,,,,,,,,,,,,,,,,,,,,,TRANSISTOR,
Sample Group,C3552,TRANSISTOR,ECG2348,20160229,7,,,,,,,,,1,1,B2D13,1,,,,,,,,,,,,,,,,,,,,,,,,,,,,,,TRANSISTOR,
Sample Group,C3553,TRANSISTOR,ECG2361,20160229,1,,,,,,,,,1,14,B2D13,14,,,,,,,,,,,,,,,,,,,,,,,,,,,,,,TRANSISTOR,
Sample Group,C3675,TRANSISTOR,NO TIENE ECG,20160229,4,,,,,,,,,1,6,B2D13,6,,,,,,,,,,,,,,,,,,,,,,,,,,,,,,TRANSISTOR,
Sample Group,C368,TRANSISTOR,,20160229,1,,,,,,,,,1,5,B2D2,5,,,,,,,,,,,,,,,,,,,,,,,,,,,,,,TRANSISTOR,
Sample Group,C3691,TRANSISTOR,NO TIENE ECG,20160229,5,,,,,,,,,1,13,B2D13,13,,,,,,,,,,,,,,,,,,,,,,,,,,,,,,TRANSISTOR,
Sample Group,C3795,TRANSISTOR,ECG2337,20160229,6,,,,,,,,,1,3,B2D13,3,,,,,,,,,,,,,,,,,,,,,,,,,,,,,,TRANSISTOR,
Sample Group,C3807,TRANSISTOR,ECG2504,20160229,2,,,,,,,,,1,1,B2D14,1,,,,,,,,,,,,,,,,,,,,,,,,,,,,,,TRANSISTOR,
Sample Group,C3852,TRANSISTOR,ECG56,20160229,4,,,,,,,,,1,8,B2D14,8,,,,,,,,,,,,,,,,,,,,,,,,,,,,,,TRANSISTOR,
Sample Group,C3853,TRANSISTOR,ECG390,20160229,8,,,,,,,,,1,8,B2D14,8,,,,,,,,,,,,,,,,,,,,,,,,,,,,,,TRANSISTOR,
Sample Group,C3856,TRANSISTOR,ECG2328,20160229,8,,,,,,,,,1,5,B2D14,5,,,,,,,,,,,,,,,,,,,,,,,,,,,,,,TRANSISTOR,
Sample Group,C3858,TRANSISTOR,ECG58,20160229,15,,,,,,,,,1,3,B2D15,15,,,,,,,,,,,,,,,,,,,,,,,,,,,,,,TRANSISTOR,
Sample Group,C3866,TRANSISTOR,,20160229,6,,,,,,,,,1,1,B2D15,1,,,,,,,,,,,,,,,,,,,,,,,,,,,,,,TRANSISTOR,
Sample Group,C3907,TRANSISTOR,ECG2328,20160229,8,,,,,,,,,1,1,B2D15,1,,,,,,,,,,,,,,,,,,,,,,,,,,,,,,TRANSISTOR,
Sample Group,C3927,TRANSISTOR,ECG2348,20160229,8,,,,,,,,,1,2,B2D15,2,,,,,,,,,,,,,,,,,,,,,,,,,,,,,,TRANSISTOR,
Sample Group,C3953,TRANSISTOR,ECG2508,20160229,4,,,,,,,,,1,27,B2D15,27,,,,,,,,,,,,,,,,,,,,,,,,,,,,,,TRANSISTOR,
Sample Group,C3973,TRANSISTOR,,20160229,3,,,,,,,,,1,3,B2C1,3,,,,,,,,,,,,,,,,,,,,,,,,,,,,,,TRANSISTOR,
Sample Group,C3997,TRANSISTOR,ECG2533,20160229,10,,,,,,,,,1,9,B2C1,9,,,,,,,,,,,,,,,,,,,,,,,,,,,,,,TRANSISTOR,
Sample Group,C3998,TRANSISTOR,,20160229,10,,,,,,,,,1,6,B2C1,6,,,,,,,,,,,,,,,,,,,,,,,,,,,,,,TRANSISTOR,
Sample Group,C4056,TRANSISTOR,,20160229,10,,,,,,,,,1,4,B2C2,4,,,,,,,,,,,,,,,,,,,,,,,,,,,,,,TRANSISTOR,
Sample Group,C4123,TRANSISTOR,ECG2353,20160229,8,,,,,,,,,1,4,B2C2,4,,,,,,,,,,,,,,,,,,,,,,,,,,,,,,TRANSISTOR,
Sample Group,C4138,TRANSISTOR,ECG2311,20160229,10,,,,,,,,,1,6,B2C2,6,,,,,,,,,,,,,,,,,,,,,,,,,,,,,,TRANSISTOR,
Sample Group,C4204,TRANSISTOR,,20160229,1,,,,,,,,,1,3,B2C2,3,,,,,,,,,,,,,,,,,,,,,,,,,,,,,,TRANSISTOR,
Sample Group,C4236,TRANSISTOR,ECG2348,20160229,8,,,,,,,,,1,3,B2C3,3,,,,,,,,,,,,,,,,,,,,,,,,,,,,,,TRANSISTOR,
Sample Group,C4237,TRANSISTOR,ECG2348,20160229,8,,,,,,,,,1,2,B2C3,2,,,,,,,,,,,,,,,,,,,,,,,,,,,,,,TRANSISTOR,
Sample Group,C4242,TRANSISTOR,ECG2312,20160229,4,,,,,,,,,1,2,B2C3,2,,,,,,,,,,,,,,,,,,,,,,,,,,,,,,TRANSISTOR,
Sample Group,C4408,TRANSISTOR,,20160229,2,,,,,,,,,1,7,B2C3,7,,,,,,,,,,,,,,,,,,,,,,,,,,,,,,TRANSISTOR,
Sample Group,C4423,TRANSISTOR,ECG2308,20160229,9,,,,,,,,,1,0,B2C4,0,,,,,,,,,,,,,,,,,,,,,,,,,,,,,,TRANSISTOR,
Sample Group,C4460,TRANSISTOR,ECG2594,20160229,9,,,,,,,,,1,4,B2C4,4,,,,,,,,,,,,,,,,,,,,,,,,,,,,,,TRANSISTOR,
Sample Group,C4517,TRANSISTOR,ECG2339,20160229,4,,,,,,,,,1,1,B2C3,1,,,,,,,,,,,,,,,,,,,,,,,,,,,,,,TRANSISTOR,
Sample Group,C4518,TRANSISTOR,ECG2337,20160229,4,,,,,,,,,1,1,B2C3,1,,,,,,,,,,,,,,,,,,,,,,,,,,,,,,TRANSISTOR,
Sample Group,C4544,TRANSISTOR,NO TIENE ECG,20160229,4,,,,,,,,,1,2,B2C4,2,,,,,,,,,,,,,,,,,,,,,,,,,,,,,,TRANSISTOR,
Sample Group,C4547,TRANSISTOR,NO TIENE ECG,20160229,5,,,,,,,,,1,12,B2C4,12,,,,,,,,,,,,,,,,,,,,,,,,,,,,,,TRANSISTOR,
Sample Group,C4558,TRANSISTOR,,,2,,,,,,,,,1,18,A2A7,18,,,,,,,,,,,,,,,,,,,,,,,,,,,,,,TRANSISTOR,
Sample Group,C4558led,TRANSISTOR,,,2,,,,,,,,,1,15,A2A7,15,,,,,,,,,,,,,,,,,,,,,,,,,,,,,,TRANSISTOR,
Sample Group,C4580,TRANSISTOR,,,3,,,,,,,,,1,3,A2A7,3,,,,,,,,,,,,,,,,,,,,,,,,,,,,,,TRANSISTOR,
Sample Group,C4580led,TRANSISTOR,,,3,,,,,,,,,1,5,A2A7,5,,,,,,,,,,,,,,,,,,,,,,,,,,,,,,TRANSISTOR,
Sample Group,C4664,TRANSISTOR,ECG2582,20160229,4,,,,,,,,,1,2,B2C5,2,,,,,,,,,,,,,,,,,,,,,,,,,,,,,,TRANSISTOR,
Sample Group,C4706,TRANSISTOR,ECG2598,20160229,25,,,,,,,,,1,5,B2C5,5,,,,,,,,,,,,,,,,,,,,,,,,,,,,,,TRANSISTOR,
Sample Group,C4722,TRANSISTOR,NO TIENE ECG,20160229,2,,,,,,,,,1,6,B2C5,6,,,,,,,,,,,,,,,,,,,,,,,,,,,,,,TRANSISTOR,
Sample Group,C4740,TRANSISTOR,,20160229,1,,,,,,,,,1,1,B2C5,1,,,,,,,,,,,,,,,,,,,,,,,,,,,,,,TRANSISTOR,
Sample Group,C4762,TRANSISTOR,ECG2353,20160229,8,,,,,,,,,1,3,B2C5,3,,,,,,,,,,,,,,,,,,,,,,,,,,,,,,TRANSISTOR,
Sample Group,C4770,TRANSISTOR,ECG2324,20160229,8,,,,,,,,,1,3,B2C5,3,,,,,,,,,,,,,,,,,,,,,,,,,,,,,,TRANSISTOR,
Sample Group,C4793,TRANSISTOR,ECG2648,20160229,12,,,,,,,,,1,25,B2C6,25,,,,,,,,,,,,,,,,,,,,,,,,,,,,,,TRANSISTOR,
Sample Group,C4834,TRANSISTOR,,20160229,10,,,,,,,,,1,0,B2C6,0,,,,,,,,,,,,,,,,,,,,,,,,,,,,,,TRANSISTOR,
Sample Group,C4916,TRANSISTOR,ECG2353,20160229,8,,,,,,,,,1,0,B2C6,0,,,,,,,,,,,,,,,,,,,,,,,,,,,,,,TRANSISTOR,
Sample Group,C4924,TRANSISTOR,ECG2651,20160229,8,,,,,,,,,1,13,B2C6,13,,,,,,,,,,,,,,,,,,,,,,,,,,,,,,TRANSISTOR,
Sample Group,C4927,TRANSISTOR,ECG2636,20160229,8,,,,,,,,,1,16,B2C7,16,,,,,,,,,,,,,,,,,,,,,,,,,,,,,,TRANSISTOR,
Sample Group,C495,TRANSISTOR,ECG184,20160229,3,,,,,,,,,1,22,B2D2,22,,,,,,,,,,,,,,,,,,,,,,,,,,,,,,TRANSISTOR,
Sample Group,C4953,TRANSISTOR,ECG2337,20160229,6,,,,,,,,,1,5,B2C7,5,,,,,,,,,,,,,,,,,,,,,,,,,,,,,,TRANSISTOR,
Sample Group,C5027,TRANSISTOR,ECG399,20160229,4,,,,,,,,,1,16,B2C7,16,,,,,,,,,,,,,,,,,,,,,,,,,,,,,,TRANSISTOR,
Sample Group,C5088,TRANSISTOR,ECG2643,20160229,8,,,,,,,,,1,10,B2C8,10,,,,,,,,,,,,,,,,,,,,,,,,,,,,,,TRANSISTOR,
Sample Group,C5148,TRANSISTOR,ECG2324,20160229,8,,,,,,,,,1,0,B2C8,0,,,,,,,,,,,,,,,,,,,,,,,,,,,,,,TRANSISTOR,
Sample Group,C5149,TRANSISTOR,ECG2353,20160229,8,,,,,,,,,1,3,B2C8,3,,,,,,,,,,,,,,,,,,,,,,,,,,,,,,TRANSISTOR,
Sample Group,C5198,TRANSISTOR,ECG36,20160229,7,,,,,,,,,1,2,B2C9,2,,,,,,,,,,,,,,,,,,,,,,,,,,,,,,TRANSISTOR,
Sample Group,C5200,TRANSISTOR,ECG2328,20160229,9,,,,,,,,,1,3,B2C9,3,,,,,,,,,,,,,,,,,,,,,,,,,,,,,,TRANSISTOR,
Sample Group,C5241,TRANSISTOR,NO TIENE ECG,20160229,5,,,,,,,,,1,5,B2C9,5,,,,,,,,,,,,,,,,,,,,,,,,,,,,,,TRANSISTOR,
Sample Group,C5244,TRANSISTOR,NO TIENE ECG,20160229,28,,,,,,,,,1,3,B2C10,3,,,,,,,,,,,,,,,,,,,,,,,,,,,,,,TRANSISTOR,
Sample Group,C5250,TRANSISTOR,ECG2353,20160229,8,,,,,,,,,1,4,B2C10,4,,,,,,,,,,,,,,,,,,,,,,,,,,,,,,TRANSISTOR,
Sample Group,C5271,TRANSISTOR,ECG2583,20160229,7,,,,,,,,,1,5,B2C10,5,,,,,,,,,,,,,,,,,,,,,,,,,,,,,,TRANSISTOR,
Sample Group,C5287,TRANSISTOR,NO TIENE ECG,20160229,8,,,,,,,,,1,5,B2C10,5,,,,,,,,,,,,,,,,,,,,,,,,,,,,,,TRANSISTOR,
Sample Group,C5296,TRANSISTOR,ECG2353,20160229,9,,,,,,,,,1,20,B2C11,20,,,,,,,,,,,,,,,,,,,,,,,,,,,,,,TRANSISTOR,
Sample Group,C5297,TRANSISTOR,ECG2324,20160229,7,,,,,,,,,1,5,B2C11,5,,,,,,,,,,,,,,,,,,,,,,,,,,,,,,TRANSISTOR,
Sample Group,C5299,TRANSISTOR,ECG2651,20160229,8,,,,,,,,,1,9,B2C12,9,,,,,,,,,,,,,,,,,,,,,,,,,,,,,,TRANSISTOR,
Sample Group,C532107,INTEGRADO,,,8,,,,,,,,,1,4,A2A7,4,,,,,,,,,,,,,,,,,,,,,,,,,,,,,,INTEGRADO,
Sample Group,C5386,TRANSISTOR,ECG2365,20160229,7,,,,,,,,,1,0,B2C12,0,,,,,,,,,,,,,,,,,,,,,,,,,,,,,,TRANSISTOR,
Sample Group,C5404,TRANSISTOR,ECG2642,20160229,10,,,,,,,,,1,0,B2C12,0,,,,,,,,,,,,,,,,,,,,,,,,,,,,,,TRANSISTOR,
Sample Group,C5622,TRANSISTOR,ECG2636,20160229,8,,,,,,,,,1,12,B2C13,12,,,,,,,,,,,,,,,,,,,,,,,,,,,,,,TRANSISTOR,
Sample Group,C575,INTEGRADO,,,4.5,,,,,,,,,1,1,A2A7,1,,,,,,,,,,,,,,,,,,,,,,,,,,,,,,INTEGRADO,
Sample Group,C5802,TRANSISTOR,ECG2651,20160229,9,,,,,,,,,1,3,B2C13,3,,,,,,,,,,,,,,,,,,,,,,,,,,,,,,TRANSISTOR,
Sample Group,C5856,TRANSISTOR,NO TIENE ECG,20160229,8,,,,,,,,,1,1,B2C13,1,,,,,,,,,,,,,,,,,,,,,,,,,,,,,,TRANSISTOR,
Sample Group,C5885,TRANSISTOR,ECG2679,20160229,8,,,,,,,,,1,6,B2C13,6,,,,,,,,,,,,,,,,,,,,,,,,,,,,,,TRANSISTOR,
Sample Group,C5902,TRANSISTOR,NO TIENE ECG,20160229,8,,,,,,,,,1,2,B3C14,2,,,,,,,,,,,,,,,,,,,,,,,,,,,,,,TRANSISTOR,
Sample Group,C5929,TRANSISTOR,,20160229,10,,,,,,,,,1,3,B2C14,3,,,,,,,,,,,,,,,,,,,,,,,,,,,,,,TRANSISTOR,
Sample Group,C5936,TRANSISTOR,ECG2354,20160229,10,,,,,,,,,1,1,B2C14,1,,,,,,,,,,,,,,,,,,,,,,,,,,,,,,TRANSISTOR,
Sample Group,C6073,TRANSISTOR,NO TIENE ECG,20160229,7,,,,,,,,,1,5,B2C15,5,,,,,,,,,,,,,,,,,,,,,,,,,,,,,,TRANSISTOR,
Sample Group,C6090,TRANSISTOR,NO TIENE ECG,20160229,6,,,,,,,,,1,5,B2C15,5,,,,,,,,,,,,,,,,,,,,,,,,,,,,,,TRANSISTOR,
Sample Group,C6093,TRANSISTOR,NO TIENE ECG,20160229,6,,,,,,,,,1,3,B2C15,3,,,,,,,,,,,,,,,,,,,,,,,,,,,,,,TRANSISTOR,
Sample Group,C815,TRANSISTOR,ECG293,20160229,1,,,,,,,,,1,28,B2D2,28,,,,,,,,,,,,,,,,,,,,,,,,,,,,,,TRANSISTOR,
Sample Group,C8266,TRANSISTOR,,20160229,8,,,,,,,,,1,1,B2C15,1,,,,,,,,,,,,,,,,,,,,,,,,,,,,,,TRANSISTOR,
Sample Group,C828,TRANSISTOR,,20160229,1,,,,,,,,,1,88,B2D2,88,,,,,,,,,,,,,,,,,,,,,,,,,,,,,,TRANSISTOR,
Sample Group,C9012,TRANSISTOR,ECG159,20160229,,,1,,,,,,,,0,,,,,,,,,,,,,,,,,,,,,,,,,,,,,,,,TRANSISTOR,
Sample Group,C9018,TRANSISTOR,NO TIENE ECG,20160229,1,,,,,,,,,1,33,B2C15,33,,,,,,,,,,,,,,,,,,,,,,,,,,,,,,TRANSISTOR,
Sample Group,C930,TRANSISTOR,ECG107,20160229,1,,,,,,,,,1,5,B2D2,5,,,,,,,,,,,,,,,,,,,,,,,,,,,,,,TRANSISTOR,
Sample Group,C945,TRANSISTOR,ECG85,20160229,1,,,,,,,,,1,24,B2D2,24,,,,,,,,,,,,,,,,,,,,,,,,,,,,,,TRANSISTOR,
Sample Group,CA3140,TRANSISTOR,,,5,,,,,,,,,1,6,A2A7,6,,,,,,,,,,,,,,,,,,,,,,,,,,,,,,TRANSISTOR,
Sample Group,CA5668,TRANSISTOR,,,10,,,,,,,,,1,1,A2A7,1,,,,,,,,,,,,,,,,,,,,,,,,,,,,,,TRANSISTOR,
Sample Group,CD1130,TRANSISTOR,,,,,,,,,,,,1,0,A2A8,0,,,,,,,,,,,,,,,,,,,,,,,,,,,,,,TRANSISTOR,
Sample Group,CD1517,TRANSISTOR,,,12,,,,,,,,,1,4,A2A8,4,,,,,,,,,,,,,,,,,,,,,,,,,,,,,,TRANSISTOR,
Sample Group,CD40106,TRANSISTOR,,,5,,,,,,,,,1,1,B3B10,1,,,,,,,,,,,,,,,,,,,,,,,,,,,,,,TRANSISTOR,
Sample Group,CD4011BCN,TRANSISTOR,,,,,,,,,,,,1,7,A2A8,7,,,,,,,,,,,,,,,,,,,,,,,,,,,,,,TRANSISTOR,
Sample Group,CD4013,TRANSISTOR,,,3,,,,,,,,,1,17,B3B7,17,,,,,,,,,,,,,,,,,,,,,,,,,,,,,,TRANSISTOR,
Sample Group,CD4016,TRANSISTOR,,,3,,,,,,,,,1,6,B3B7,6,,,,,,,,,,,,,,,,,,,,,,,,,,,,,,TRANSISTOR,
Sample Group,CD4017,TRANSISTOR,,,5,,,,,,,,,1,6,B3B7,6,,,,,,,,,,,,,,,,,,,,,,,,,,,,,,TRANSISTOR,
Sample Group,CD4021,TRANSISTOR,,,3.5,,,,,,,,,1,3,B3B8,3,,,,,,,,,,,,,,,,,,,,,,,,,,,,,,TRANSISTOR,
Sample Group,CD4047,TRANSISTOR,,,4,,,,,,,,,1,16,B3B8,16,,,,,,,,,,,,,,,,,,,,,,,,,,,,,,TRANSISTOR,
Sample Group,CD4052,TRANSISTOR,,,5,,,,,,,,,1,15,B3B8,15,,,,,,,,,,,,,,,,,,,,,,,,,,,,,,TRANSISTOR,
Sample Group,CD4052BE,TRANSISTOR,,,3,,,,,,,,,1,4,A2A8,4,,,,,,,,,,,,,,,,,,,,,,,,,,,,,,TRANSISTOR,
Sample Group,CD4053B,TRANSISTOR,,,3,,,,,,,,,1,0,A2A8,0,,,,,,,,,,,,,,,,,,,,,,,,,,,,,,TRANSISTOR,
Sample Group,CD4066,TRANSISTOR,,,5,,,,,,,,,1,1,A2A8,14,B3B8,1,,,,,,,,,,,,,,,,,,,,,,,,,,,,TRANSISTOR,
Sample Group,CD4069,TRANSISTOR,,,4,,,,,,,,,1,2,A2A8,3,B3B8,2,,,,,,,,,,,,,,,,,,,,,,,,,,,,TRANSISTOR,
Sample Group,CD4075,TRANSISTOR,,,5,,,,,,,,,1,9,B3B9,9,,,,,,,,,,,,,,,,,,,,,,,,,,,,,,TRANSISTOR,
Sample Group,CD4081,TRANSISTOR,,,4,,,,,,,,,1,5,B3B10,5,,,,,,,,,,,,,,,,,,,,,,,,,,,,,,TRANSISTOR,
Sample Group,CD4093,TRANSISTOR,,,5,,,,,,,,,1,2,B3B10,2,,,,,,,,,,,,,,,,,,,,,,,,,,,,,,TRANSISTOR,
Sample Group,CD4094,TRANSISTOR,,,6,,,,,,,,,1,3,B3B10,3,,,,,,,,,,,,,,,,,,,,,,,,,,,,,,TRANSISTOR,
Sample Group,CQ0765RT,INTEGRADO,,,10,,,,,,,,,1,5,B2A13,5,,,,,,,,,,,,,,,,,,,,,,,,,,,,,,INTEGRADO,
Sample Group,CQ1265RT,INTEGRADO,,,10,,,,,,,,,1,0,B2A13,0,,,,,,,,,,,,,,,,,,,,,,,,,,,,,,INTEGRADO,
Sample Group,CQ1565R,INTEGRADO,,,14,,,,,,,,,1,0,B2A13,0,,,,,,,,,,,,,,,,,,,,,,,,,,,,,,INTEGRADO,
Sample Group,CSC2313,INTEGRADO,,,10,,,,,,,,,1,5,A2A9,5,,,,,,,,,,,,,,,,,,,,,,,,,,,,,,INTEGRADO,
Sample Group,CSM2B4,INTEGRADO,,,6,,,,,,,,,1,1,B2A13,1,,,,,,,,,,,,,,,,,,,,,,,,,,,,,,INTEGRADO,
Sample Group,CSM2BU,INTEGRADO,,,8,,,,,,,,,1,0,A2A9,0,,,,,,,,,,,,,,,,,,,,,,,,,,,,,,INTEGRADO,
Sample Group,CX1081,INTEGRADO,,,,,,,,,,,,1,0,A2A9,0,,,,,,,,,,,,,,,,,,,,,,,,,,,,,,INTEGRADO,
Sample Group,CXA1013S,INTEGRADO,,,35,,,,,,,,,1,3,A2A9,3,,,,,,,,,,,,,,,,,,,,,,,,,,,,,,INTEGRADO,
Sample Group,CXA1019,INTEGRADO,,,6,,,,,,,,,1,2,A2A9,2,,,,,,,,,,,,,,,,,,,,,,,,,,,,,,INTEGRADO,
Sample Group,CXA1081S,INTEGRADO,,,,,,,,,,,,1,3,A2A9,3,,,,,,,,,,,,,,,,,,,,,,,,,,,,,,INTEGRADO,
Sample Group,CXA1082BS,INTEGRADO,,,30,,,,,,,,,1,3,A2A9,3,,,,,,,,,,,,,,,,,,,,,,,,,,,,,,INTEGRADO,
Sample Group,CXA1291P,INTEGRADO,,,,,,,,,,,,1,4,A2A10,4,,,,,,,,,,,,,,,,,,,,,,,,,,,,,,INTEGRADO,
Sample Group,CXA1350,INTEGRADO,,,,,,,,,,,,1,5,A2A10,5,,,,,,,,,,,,,,,,,,,,,,,,,,,,,,INTEGRADO,
Sample Group,CXA1446S,INTEGRADO,,,,,,,,,,,,1,2,A2A13,2,,,,,,,,,,,,,,,,,,,,,,,,,,,,,,INTEGRADO,
Sample Group,CXA1465AS,INTEGRADO,,,50,,,,,,,,,1,1,A2A10,1,,,,,,,,,,,,,,,,,,,,,,,,,,,,,,INTEGRADO,
Sample Group,CXA1538,INTEGRADO,,,15,,,,,,,,,1,1,A2A10,1,,,,,,,,,,,,,,,,,,,,,,,,,,,,,,INTEGRADO,
Sample Group,CXA1691BM,INTEGRADO,,,22,,,,,,,,,1,8,A2A11,8,,,,,,,,,,,,,,,,,,,,,,,,,,,,,,INTEGRADO,
Sample Group,CXA1691BS,INTEGRADO,,,12,,,,,,,,,1,7,A2A11,7,,,,,,,,,,,,,,,,,,,,,,,,,,,,,,INTEGRADO,
Sample Group,CXA1870,INTEGRADO,,,30,,,,,,,,,1,1,A2A11,1,,,,,,,,,,,,,,,,,,,,,,,,,,,,,,INTEGRADO,
Sample Group,CXA2025AS,INTEGRADO,,,,,,,,,,,,1,1,A2A11,1,,,,,,,,,,,,,,,,,,,,,,,,,,,,,,INTEGRADO,
Sample Group,CXA2131AS,INTEGRADO,,,40,,,,,,,,,1,0,A2A11,0,,,,,,,,,,,,,,,,,,,,,,,,,,,,,,INTEGRADO,
Sample Group,CXD1130,INTEGRADO,,,20,,,,,,,,,1,1,A2A13,1,,,,,,,,,,,,,,,,,,,,,,,,,,,,,,INTEGRADO,
Sample Group,CXD98740M,INTEGRADO,,,,,,,,,,,,1,0,A2A13,0,,,,,,,,,,,,,,,,,,,,,,,,,,,,,,INTEGRADO,
Sample Group,CXD9879AM,INTEGRADO,,,50,,,,,,,,,1,1,A2A13,1,,,,,,,,,,,,,,,,,,,,,,,,,,,,,,INTEGRADO,
Sample Group,CXD9879M,INTEGRADO,,,50,,,,,,,,,1,1,A2A13,1,,,,,,,,,,,,,,,,,,,,,,,,,,,,,,INTEGRADO,
Sample Group,CXP5034M,INTEGRADO,,,,,,,,,,,,1,0,A2A13,0,,,,,,,,,,,,,,,,,,,,,,,,,,,,,,INTEGRADO,
Sample Group,D1047,TRANSISTOR,NPN GRANDE 12A 160V 100W 150 °C ECG36,20160229,6,,,,,,,,,1,8,B3C4,8,,,,,,,,,,,,,,,,,,,,,,,,,,,,,,TRANSISTOR,
Sample Group,D1064,TRANSISTOR,NPN GRANDE 12A 60V 80W 150 °C ECG2304,20160229,6,,,,,,,,,1,0,B3C4,0,,,,,,,,,,,,,,,,,,,,,,,,,,,,,,TRANSISTOR,
Sample Group,D1092,TRANSISTOR,NPN GRANDE 4A 55V 80W 150 °C ECG2330,20160229,6,,,,,,,,,1,1,B3C5,1,,,,,,,,,,,,,,,,,,,,,,,,,,,,,,TRANSISTOR,
Sample Group,D10V100,TRANSISTOR,,,10,,,,,,,,,1,3,A2A14,3,,,,,,,,,,,,,,,,,,,,,,,,,,,,,,TRANSISTOR,
Sample Group,D1207,TRANSISTOR,NPN CHICO 2A 60V 1W 150 °C ECG2363,20160229,2,,,,,,,,,1,15,B3C5,15,,,,,,,,,,,,,,,,,,,,,,,,,,,,,,TRANSISTOR,
Sample Group,D1273,TRANSISTOR,NPN MEDIANO 3A 80V 40W 150 °C ECG56,20160229,4,,,,,,,,,1,1,B3C5,1,,,,,,,,,,,,,,,,,,,,,,,,,,,,,,TRANSISTOR,
Sample Group,D1274,TRANSISTOR,NPN MEDIANO 6A 160V 40W 150 °C ECG54,20160229,3,,,,,,,,,1,10,B3C5,10,,,,,,,,,,,,,,,,,,,,,,,,,,,,,,TRANSISTOR,
Sample Group,D1275,TRANSISTOR,NPN MEDIANO 2A 60V 35W 150 °C ECG261,20160229,3,,,,,,,,,1,5,B3C5,5,,,,,,,,,,,,,,,,,,,,,,,,,,,,,,TRANSISTOR,
Sample Group,D1294,TRANSISTOR,NPN GRANDE 5A 60V 80W 150 °C ECG2335,20160229,7,,,,,,,,,1,1,B3C5,1,,,,,,,,,,,,,,,,,,,,,,,,,,,,,,TRANSISTOR,
Sample Group,D1398,TRANSISTOR,NPN GRANDE 5A 1500V 1200W 150 °C ECG2302,20160229,8,,,,,,,,,1,10,B3C6,10,,,,,,,,,,,,,,,,,,,,,,,,,,,,,,TRANSISTOR,
Sample Group,D1406,TRANSISTOR,NPN MEDIANO 3A 60V 25W 150 °C,20160229,5,,,,,,,,,1,3,B3C6,3,,,,,,,,,,,,,,,,,,,,,,,,,,,,,,TRANSISTOR,
Sample Group,D1414,TRANSISTOR,NPN MEDIANO 4A 100V 20W 150 °C ECG2547,20160229,5,,,,,,,,,1,1,B3C6,1,,,,,,,,,,,,,,,,,,,,,,,,,,,,,,TRANSISTOR,
Sample Group,D1439,TRANSISTOR,NPN GRANDE 3A 1500V 50W 150 °C ECG2302,20160229,8,,,,,,,,,1,4,B3C6,4,,,,,,,,,,,,,,,,,,,,,,,,,,,,,,TRANSISTOR,
Sample Group,D1457,TRANSISTOR,NPN GRANDE 6A 100V 60W 175 °C ECG377,20160229,7,,,,,,,,,1,2,B3C7,2,,,,,,,,,,,,,,,,,,,,,,,,,,,,,,TRANSISTOR,
Sample Group,D1458,TRANSISTOR,NPN CHICO 0.7A 20V 1W 150 °C ECG16006,20160229,1,,,,,,,,,1,3,B3C7,3,,,,,,,,,,,,,,,,,,,,,,,,,,,,,,TRANSISTOR,
Sample Group,D1555,TRANSISTOR,NPN GRANDE 5A 1500V 50W 150 °C ECG2331,20160229,7,,,,,,,,,1,1,B3C7,1,,,,,,,,,,,,,,,,,,,,,,,,,,,,,,TRANSISTOR,
Sample Group,D1556,TRANSISTOR,NPN GRANDE 6A 1500V 50W 150 °C,20160229,8,,,,,,,,,1,5,B3C7,5,,,,,,,,,,,,,,,,,,,,,,,,,,,,,,TRANSISTOR,
Sample Group,D1577,TRANSISTOR,NPN GRANDE 5A 1500V 100W 150 °C ECG2300,20160229,7,,,,,,,,,1,4,B3C7,4,,,,,,,,,,,,,,,,,,,,,,,,,,,,,,TRANSISTOR,
Sample Group,D1589,TRANSISTOR,NPN MEDIANO 5A 150V 20W 150 °C,,,,,,,,,,,,1,,,,,,,,,,,,,,,,,,,,,,,,,,,,,,,,TRANSISTOR,
Sample Group,D1632,TRANSISTOR,NPN GRANDE 4A 1500V 80W 175 °C,20160229,6,,,,,,,,,1,3,B3C8,3,,,,,,,,,,,,,,,,,,,,,,,,,,,,,,TRANSISTOR,
Sample Group,D1651,TRANSISTOR,NPN GRANDE 5A 1500V 60W 150 °C,20160229,6,,,,,,,,,1,3,B3C8,3,,,,,,,,,,,,,,,,,,,,,,,,,,,,,,TRANSISTOR,
Sample Group,D1711,TRANSISTOR,NPN GRANDE 5A 1500V 100W 150 °C,20160229,7,,,,,,,,,1,2,B3C8,2,,,,,,,,,,,,,,,,,,,,,,,,,,,,,,TRANSISTOR,
Sample Group,D1762,TRANSISTOR,NPN MEDIANO 3A 60V 25W 150 °C ECG2673,20160229,5,,,,,,,,,1,1,B3C8,1,,,,,,,,,,,,,,,,,,,,,,,,,,,,,,TRANSISTOR,
Sample Group,D1789,TRANSISTOR,NPN MEDIANO 4A 200V 25W 150 °C ECG2553,20160229,9,,,,,,,,,1,14,B3C8,14,,,,,,,,,,,,,,,,,,,,,,,,,,,,,,TRANSISTOR,
Sample Group,D1796,TRANSISTOR,NPN MEDIANO 4A 60V 25W 150 °C,20160229,5,,,,,,,,,1,11,B3C9,11,,,,,,,,,,,,,,,,,,,,,,,,,,,,,,TRANSISTOR,
Sample Group,D1825,TRANSISTOR,NPN MEDIANO 4A 70V 20W 150 °C ECG2551,20160229,5,,,,,,,,,1,6,B3C9,6,,,,,,,,,,,,,,,,,,,,,,,,,,,,,,TRANSISTOR,
Sample Group,D1877,TRANSISTOR,NPN GRANDE 4A 1500V 50W 150 °C ECG2331,20160229,6,,,,,,,,,1,3,B3C9,3,,,,,,,,,,,,,,,,,,,,,,,,,,,,,,TRANSISTOR,
Sample Group,D1880,TRANSISTOR,NPN GRANDE 8A 1500V 70W 150 °C ECG2353,20160229,8,,,,,,,,,1,6,B3C9,6,,,,,,,,,,,,,,,,,,,,,,,,,,,,,,TRANSISTOR,
Sample Group,D1886,TRANSISTOR,NPN GRANDE 8A 1500V 70W 150 °C ECG2324,20160229,8,,,,,,,,,1,3,B3C9,3,,,,,,,,,,,,,,,,,,,,,,,,,,,,,,TRANSISTOR,
Sample Group,D1944,TRANSISTOR,NPN MEDIANO 3A 80V 30W 150 °C ECG56,20160229,5,,,,,,,,,1,10,B3C10,10,,,,,,,,,,,,,,,,,,,,,,,,,,,,,,TRANSISTOR,
Sample Group,D2012,TRANSISTOR,NPN MEDIANO 3A 60V 25W 150 °C ECG54,20160229,5,,,,,,,,,1,4,B3C10,4,,,,,,,,,,,,,,,,,,,,,,,,,,,,,,TRANSISTOR,
Sample Group,D2058,TRANSISTOR,NPN MEDIANO 3A 60V 25W 150 °C ECG377,20160229,5,,,,,,,,,1,10,B3C10,10,,,,,,,,,,,,,,,,,,,,,,,,,,,,,,TRANSISTOR,
Sample Group,D2061,TRANSISTOR,NPN MEDIANO 3A 80V 30W 150 °C ECG152,20160229,4,,,,,,,,,1,5,B3C10,5,,,,,,,,,,,,,,,,,,,,,,,,,,,,,,TRANSISTOR,
Sample Group,D2089,TRANSISTOR,NPN GRANDE 3.5A 1500V 40W 150 °C ECG2331,20160229,7,,,,,,,,,1,6,B3C10,6,,,,,,,,,,,,,,,,,,,,,,,,,,,,,,TRANSISTOR,
Sample Group,D2092,TRANSISTOR,NPN MEDIANO 3A 100V 25W 150 °C NO TIENE ECG,20160229,8,,,,,,,,,1,5,B3C11,5,,,,,,,,,,,,,,,,,,,,,,,,,,,,,,TRANSISTOR,
Sample Group,D2095,TRANSISTOR,NPN GRANDE 5A 15000V 50W 150 °C NO TIENE ECG,20160229,8,,,,,,,,,1,2,B3C11,2,,,,,,,,,,,,,,,,,,,,,,,,,,,,,,TRANSISTOR,
Sample Group,D20962,TRANSISTOR,,,10,,,,,,,,,1,1,A2A16,1,,,,,,,,,,,,,,,,,,,,,,,,,,,,,,TRANSISTOR,
Sample Group,D2102,TRANSISTOR,NPN MEDIANO 4A 60V 25W 150 °C NO TIENE ECG,20160229,8,,,,,,,,,1,2,B3C11,2,,,,,,,,,,,,,,,,,,,,,,,,,,,,,,TRANSISTOR,
Sample Group,D2137,TRANSISTOR,NPN MEDIANO 3A 60V 15W 150 °C NO TIENE ECG,20160229,5,,,,,,,,,1,10,B3C11,10,,,,,,,,,,,,,,,,,,,,,,,,,,,,,,TRANSISTOR,
Sample Group,D2144,TRANSISTOR,NPN CHICO 0.5A 25V 0.3W 150 °C ECG2503,20160229,1,,,,,,,,,1,30,B3C12,30,,,,,,,,,,,,,,,,,,,,,,,,,,,,,,TRANSISTOR,
Sample Group,D2253,TRANSISTOR,NPN GRANDE 6A 1700V 50W 150 °C ECG2678,20160229,8,,,,,,,,,1,1,B3C12,1,,,,,,,,,,,,,,,,,,,,,,,,,,,,,,TRANSISTOR,
Sample Group,D2263,TRANSISTOR,NPN CHICO 0.5A 25V 0.5W 150 °C NO TIENE ECG,20160229,8,,,,,,,,,1,0,B3C12,0,,,,,,,,,,,,,,,,,,,,,,,,,,,,,,TRANSISTOR,
Sample Group,D2394,TRANSISTOR,NPN MEDIANO 3A 80V 25W 150 °C ECG56,20160229,4,,,,,,,,,1,6,B3C12,6,,,,,,,,,,,,,,,,,,,,,,,,,,,,,,TRANSISTOR,
Sample Group,D2395,TRANSISTOR,NPN MEDIANO 3A 60V 25W 150 °C ECG2673,20160229,4,,,,,,,,,1,4,B3C12,4,,,,,,,,,,,,,,,,,,,,,,,,,,,,,,TRANSISTOR,
Sample Group,D2396,TRANSISTOR,NPN GRANDE 3A 80V 30W 150 °C ECG56,20160229,4,,,,,,,,,1,10,B3C13,10,,,,,,,,,,,,,,,,,,,,,,,,,,,,,,TRANSISTOR,
Sample Group,D2398,TRANSISTOR,NPN MEDIANO 2A 100V 20W 150 °C NO TIENE ECG,20160229,5,,,,,,,,,1,1,B3C13,1,,,,,,,,,,,,,,,,,,,,,,,,,,,,,,TRANSISTOR,
Sample Group,D2439,TRANSISTOR,NPN GRANDE 10A 160V 80W 150 °C ECG2649,20160229,7,,,,,,,,,1,9,B3C13,9,,,,,,,,,,,,,,,,,,,,,,,,,,,,,,TRANSISTOR,
Sample Group,D2495,TRANSISTOR,NPN GRANDE 6A 110V 30W 150 °C ECG2693,20160229,3,,,,,,,,,1,4,B3C13,4,,,,,,,,,,,,,,,,,,,,,,,,,,,,,,TRANSISTOR,
Sample Group,D2498,TRANSISTOR,NPN GRANDE 6A 1500V 50W 150 °C ECG2324,20160229,8,,,,,,,,,1,4,B3C14,4,,,,,,,,,,,,,,,,,,,,,,,,,,,,,,TRANSISTOR,
Sample Group,D2499,TRANSISTOR,NPN GRANDE 6A 1500V 50W 150 °C ECG2331,20160229,7,,,,,,,,,1,0,B3C14,0,,,,,,,,,,,,,,,,,,,,,,,,,,,,,,TRANSISTOR,
Sample Group,D2539,TRANSISTOR,NPN GRANDE 7A 1500V 50W 150 °C ECG2353,20160229,7,,,,,,,,,1,2,B3C14,2,,,,,,,,,,,,,,,,,,,,,,,,,,,,,,TRANSISTOR,
Sample Group,D2553,TRANSISTOR,NPN GRANDE 12A 160V 80W 150 °C ECG2639,20160229,10,,,,,,,,,1,4,B3C14,4,,,,,,,,,,,,,,,,,,,,,,,,,,,,,,TRANSISTOR,
Sample Group,D2578,TRANSISTOR,NPN GRANDE 8A 1500V 60W 150 °C ECG2353,20160229,8,,,,,,,,,1,2,B3C15,2,,,,,,,,,,,,,,,,,,,,,,,,,,,,,,TRANSISTOR,
Sample Group,D2580,TRANSISTOR,NPN GRANDE 10A 1500V 70W 150 °C ECG2353,20160229,8,,,,,,,,,1,4,B3C15,4,,,,,,,,,,,,,,,,,,,,,,,,,,,,,,TRANSISTOR,
Sample Group,D2586,TRANSISTOR,NPN GRANDE 5A 1500V 50W 150 °C ECG2353,20160229,8,,,,,,,,,1,7,B3C15,7,,,,,,,,,,,,,,,,,,,,,,,,,,,,,,TRANSISTOR,
Sample Group,D261,TRANSISTOR,NPN CHICO 0.7A 40V 0.5W 125 °C,20160229,1,,,,,,,,,1,73,B3C1,73,,,,,,,,,,,,,,,,,,,,,,,,,,,,,,TRANSISTOR,
Sample Group,D2624,TRANSISTOR,NPN GRANDE 6A 1500V 60W 150 °C ECG2353,20160229,8,,,,,,,,,1,8,B3D1,8,,,,,,,,,,,,,,,,,,,,,,,,,,,,,,TRANSISTOR,
Sample Group,D2627,TRANSISTOR,NPN MEDIANO 6A 1500V 30W 150 °C ECG2640,20160229,6,,,,,,,,,1,5,B3D1,5,,,,,,,,,,,,,,,,,,,,,,,,,,,,,,TRANSISTOR,
Sample Group,D2634,TRANSISTOR,NPN GRANDE 8A 1500V 65W 150 °C ECG2353,20160229,8,,,,,,,,,1,12,B3D1,12,,,,,,,,,,,,,,,,,,,,,,,,,,,,,,TRANSISTOR,
Sample Group,D2642,TRANSISTOR,NPN MEDIANO 6A 110V 30W 150 °C,20160229,5,,,,,,,,,1,3,B3D2,3,,,,,,,,,,,,,,,,,,,,,,,,,,,,,,TRANSISTOR,
Sample Group,D2689,TRANSISTOR,NPN MEDIANO 10A 1500V 35W 150 °C  NO TIENE ECG,20160229,6,,,,,,,,,1,2,B3D2,2,,,,,,,,,,,,,,,,,,,,,,,,,,,,,,TRANSISTOR,
Sample Group,D288,TRANSISTOR,NPN MEDIANO 2A 80V 20W 150 °C  ECG196,20160229,3,,,,,,,,,1,5,B3C1,5,,,,,,,,,,,,,,,,,,,,,,,,,,,,,,TRANSISTOR,
Sample Group,D362,TRANSISTOR,NPN MEDIANO 8A 150V 40W 175 °C ECG54,20160229,3,,,,,,,,,1,9,B3C1,9,,,,,,,,,,,,,,,,,,,,,,,,,,,,,,TRANSISTOR,
Sample Group,D368,TRANSISTOR,NPN MEDIANO 10A 1300V 50W 150 °C,20160229,2,,,,,,,,,1,1,B3C1,1,,,,,,,,,,,,,,,,,,,,,,,,,,,,,,TRANSISTOR,
Sample Group,D390,TRANSISTOR,NPN MEDIANO 3A 60V 25W 150 °C     ECG152,20160229,3,,,,,,,,,1,19,B3C1,19,,,,,,,,,,,,,,,,,,,,,,,,,,,,,,TRANSISTOR,
Sample Group,D400,TRANSISTOR,NPN CHICO 1A 25V 0.75W 125 °C ECG382,20160229,2,,,,,,,,,1,16,B3C1,16,,,,,,,,,,,,,,,,,,,,,,,,,,,,,,TRANSISTOR,
Sample Group,D4050,TRANSISTOR,NPN CHICO 0.1A 120V 0.3W 150 °C,20160229,3,,,,,,,,,1,6,B3B8,6,,,,,,,,,,,,,,,,,,,,,,,,,,,,,,TRANSISTOR,
Sample Group,D408,TRANSISTOR,NPN MEDIANO 5A 150V 25W 150 °C,20160229,2,,,,,,,,,1,18,B3C2,18,,,,,,,,,,,,,,,,,,,,,,,,,,,,,,TRANSISTOR,
Sample Group,D468,TRANSISTOR,NPN CHICO 0.5A 20V 0.9W 125 °C,20160229,2,,,,,,,,,1,18,B3C2,18,,,,,,,,,,,,,,,,,,,,,,,,,,,,,,TRANSISTOR,
Sample Group,D471,TRANSISTOR,NPN CHICO 1A 30V 0.8W 150 °C ECG293,20160229,1,,,,,,,,,1,1,B3C2,1,,,,,,,,,,,,,,,,,,,,,,,,,,,,,,TRANSISTOR,
Sample Group,D4SB80Z05,TRANSISTOR,,20160229,15,,,,,,,,,1,2,B2A13,2,,,,,,,,,,,,,,,,,,,,,,,,,,,,,,TRANSISTOR,
Sample Group,D5017,TRANSISTOR,NPN GRANDE 6A 1500V 60W 150 °C NO TIENE ECG,20160229,8,,,,,,,,,1,0,B3D2,0,,,,,,,,,,,,,,,,,,,,,,,,,,,,,,TRANSISTOR,
Sample Group,D5023,TRANSISTOR,NPN MEDIANO 6A 1500V 40W 150 °C  NO TIENE ECG,20160229,6,,,,,,,,,1,6,B3D2,6,,,,,,,,,,,,,,,,,,,,,,,,,,,,,,TRANSISTOR,
Sample Group,D5024,TRANSISTOR,NPN GRANDE 6A 1500V 40W 150 °C  NO TIENE ECG,20160229,6,,,,,,,,,1,8,B3D3,8,,,,,,,,,,,,,,,,,,,,,,,,,,,,,,TRANSISTOR,
Sample Group,D5032,TRANSISTOR,NPN GRANDE 8A 1500V 50W 150 °C NO TIENE ECG,20160229,10,,,,,,,,,1,1,B3D3,1,,,,,,,,,,,,,,,,,,,,,,,,,,,,,,TRANSISTOR,
Sample Group,D5036,TRANSISTOR,NPN GRANDE 8A 1700V 50W 150 °C  NO TIENE ECG,20160229,9,,,,,,,,,1,0,B3D3,0,,,,,,,,,,,,,,,,,,,,,,,,,,,,,,TRANSISTOR,
Sample Group,D5038,TRANSISTOR,NPN GRANDE 10A 1200V 50W 150 °C  NO TIENE ECG,20160229,8,,,,,,,,,1,3,B3D3,3,,,,,,,,,,,,,,,,,,,,,,,,,,,,,,TRANSISTOR,
Sample Group,D5071,TRANSISTOR,NPN GRANDE 3.5A 1500V 50W 150 °C   NO TIENE ECG,20160229,7,,,,,,,,,1,4,B3D4,4,,,,,,,,,,,,,,,,,,,,,,,,,,,,,,TRANSISTOR,
Sample Group,D5072,TRANSISTOR,NPN GRANDE 5A 1500V 60W 150 °C  ECG2331,20160229,7,,,,,,,,,1,3,B3D4,3,,,,,,,,,,,,,,,,,,,,,,,,,,,,,,TRANSISTOR,
Sample Group,D526,TRANSISTOR,NPN MEDIANO 4A 80V 30W 150 °C ECG241,20160229,3,,,,,,,,,1,2,B3C2,2,,,,,,,,,,,,,,,,,,,,,,,,,,,,,,TRANSISTOR,
Sample Group,D5287,TRANSISTOR,NPN GRANDE 5A 900V 50W 150 °C NO TIENE ECG,20160229,8,,,,,,,,,1,7,B3D4,7,,,,,,,,,,,,,,,,,,,,,,,,,,,,,,TRANSISTOR,
Sample Group,D5404,TRANSISTOR,NO TIENE ECG,20160229,10,,,,,,,,,1,3,B3D5,3,,,,,,,,,,,,,,,,,,,,,,,,,,,,,,TRANSISTOR,
Sample Group,D5702,TRANSISTOR,NPN GRANDE 6A 1500V 60W 150 °C  ECG2354,20160229,8,,,,,,,,,1,16,B3D5,16,,,,,,,,,,,,,,,,,,,,,,,,,,,,,,TRANSISTOR,
Sample Group,D5703,TRANSISTOR,NPN GRANDE 10A 1500V 70W 150 °C ECG2677,20160229,8,,,,,,,,,1,2,B3D5,2,,,,,,,,,,,,,,,,,,,,,,,,,,,,,,TRANSISTOR,
Sample Group,D588,TRANSISTOR,NPN MEDIANO 7A 150V 80W 150 °C,20160229,3,,,,,,,,,1,1,B3C2,1,,,,,,,,,,,,,,,,,,,,,,,,,,,,,,TRANSISTOR,
Sample Group,D613,TRANSISTOR,NPN MEDIANO 6A 100V 40W 150 °C ECG377,20160229,3,,,,,,,,,1,10,B3C2,10,,,,,,,,,,,,,,,,,,,,,,,,,,,,,,TRANSISTOR,
Sample Group,D667,TRANSISTOR,NPN CHICO 1A 80V 0.9W 150 °C ECG382,20160229,2,,,,,,,,,1,19,B3C2,19,,,,,,,,,,,,,,,,,,,,,,,,,,,,,,TRANSISTOR,
Sample Group,D669,TRANSISTOR,NPN CHICO 1.5A 180V 1W 175 °C ECG373,20160229,2,,,,,,,,,1,24,B3C2,24,,,,,,,,,,,,,,,,,,,,,,,,,,,,,,TRANSISTOR,
Sample Group,D718,TRANSISTOR,NPN GRANDE 8A 120V 80W 150 °C,20160229,8,,,,,,,,,1,0,B3C3,0,,,,,,,,,,,,,,,,,,,,,,,,,,,,,,TRANSISTOR,
Sample Group,D7723,TRANSISTOR,NO TIENE ECG,20160229,3,,,,,,,,,1,2,B3D6,2,,,,,,,,,,,,,,,,,,,,,,,,,,,,,,TRANSISTOR,
Sample Group,D773,TRANSISTOR,NPN CHICO 2A 20V 1W 150 °C ECG293,20160229,2,,,,,,,,,1,16,B3C3,16,,,,,,,,,,,,,,,,,,,,,,,,,,,,,,TRANSISTOR,
Sample Group,D789,TRANSISTOR,NPN CHICO 1A 100V 0.9W 175 °C ECG315,20160229,3,,,,,,,,,1,0,B3C3,0,,,,,,,,,,,,,,,,,,,,,,,,,,,,,,TRANSISTOR,
Sample Group,D834,TRANSISTOR,NPN MEDIANO 4A 250V 25W 150 °C,20160229,3,,,,,,,,,1,8,B3C3,8,,,,,,,,,,,,,,,,,,,,,,,,,,,,,,TRANSISTOR,
Sample Group,D847,TRANSISTOR,NPN GRANDE 15A 40V 80W 150 °C ECG2304,20160229,7,,,,,,,,,1,2,B3C3,2,,,,,,,,,,,,,,,,,,,,,,,,,,,,,,TRANSISTOR,
Sample Group,D880,TRANSISTOR,NPN MEDIANO 3A 60V 30W 150 °C ECG152,20160229,2,,,,,,,,,1,0,B3C3,0,,,,,,,,,,,,,,,,,,,,,,,,,,,,,,TRANSISTOR,
Sample Group,D882,TRANSISTOR,NPN CHICO 3A 40V 10W 150 °C ECG184,20160229,2,,,,,,,,,1,18,B3C3,18,,,,,,,,,,,,,,,,,,,,,,,,,,,,,,TRANSISTOR,
Sample Group,D917,TRANSISTOR,NPN GRANDE 7A 330V 70W 150 °C ECG2308,20160229,6,,,,,,,,,1,5,B3C4,5,,,,,,,,,,,,,,,,,,,,,,,,,,,,,,TRANSISTOR,
Sample Group,D965,TRANSISTOR,NPN CHICO 5A 40V 0.75W 150 °C ECG11,20160229,1,,,,,,,,,1,4,B3C4,4,,,,,,,,,,,,,,,,,,,,,,,,,,,,,,TRANSISTOR,
Sample Group,DBL1011,TRANSISTOR,,,5,,,,,,,,,1,2,A2A14,2,,,,,,,,,,,,,,,,,,,,,,,,,,,,,,TRANSISTOR,
Sample Group,DBL1026,TRANSISTOR,,,5,,,,,,,,,1,3,A2A14,3,,,,,,,,,,,,,,,,,,,,,,,,,,,,,,TRANSISTOR,
Sample Group,DBL1034,TRANSISTOR,,,5,,,,,,,,,1,5,A2A15,5,,,,,,,,,,,,,,,,,,,,,,,,,,,,,,TRANSISTOR,
Sample Group,DBL2002,TRANSISTOR,,,10,,,,,,,,,1,4,A2A15,4,,,,,,,,,,,,,,,,,,,,,,,,,,,,,,TRANSISTOR,
Sample Group,DBL2018,TRANSISTOR,,,15,,,,,,,,,1,3,A2A15,3,,,,,,,,,,,,,,,,,,,,,,,,,,,,,,TRANSISTOR,
Sample Group,DBL494,TRANSISTOR,,,5,,,,,,,,,1,4,A2A14,4,,,,,,,,,,,,,,,,,,,,,,,,,,,,,,TRANSISTOR,
Sample Group,DBL567,TRANSISTOR,,,5,,,,,,,,,1,5,A2A14,5,,,,,,,,,,,,,,,,,,,,,,,,,,,,,,TRANSISTOR,
Sample Group,DCF1551,FLYBACK,,,28,,,,,,,,,1,1,A1,1,,,,,,,,,,,,,,,,,,,,,,,,,,,,,,FLYBACK,
Sample Group,DCF1577,FLYBACK,,,,,,,,,,,,1,1,A1,1,,,,,,,,,,,,,,,,,,,,,,,,,,,,,,FLYBACK,
Sample Group,DCF2077,FLYBACK,,,26,,,,,,,,,1,3,A1,3,,,,,,,,,,,,,,,,,,,,,,,,,,,,,,FLYBACK,
Sample Group,DFF98020,FLYBACK,,,30,,,,,,,,,1,2,A1,2,,,,,,,,,,,,,,,,,,,,,,,,,,,,,,FLYBACK,
Sample Group,DH321,TRANSISTOR,,,10,,,,,,,,,1,0,A2A15,0,,,,,,,,,,,,,,,,,,,,,,,,,,,,,,TRANSISTOR,
Sample Group,DH391,TRANSISTOR,,,8,,,,,,,,,1,10,A2A15,10,,,,,,,,,,,,,,,,,,,,,,,,,,,,,,TRANSISTOR,
Sample Group,DM0265,TRANSISTOR,,,10,,,,,,,,,1,2,A2A15,2,,,,,,,,,,,,,,,,,,,,,,,,,,,,,,TRANSISTOR,
Sample Group,DM0365,TRANSISTOR,,,13,,,,,,,,,1,5,A2A15,5,,,,,,,,,,,,,,,,,,,,,,,,,,,,,,TRANSISTOR,
Sample Group,DM0465R,TRANSISTOR,,,20,,,,,,,,,1,1,A2A16,1,,,,,,,,,,,,,,,,,,,,,,,,,,,,,,TRANSISTOR,
Sample Group,DM7401,TRANSISTOR,,,5,,,,,,,,,1,2,B3B10,2,,,,,,,,,,,,,,,,,,,,,,,,,,,,,,TRANSISTOR,
Sample Group,DP104,TRANSISTOR,,,5,,,,,,,,,1,2,A2A16,2,,,,,,,,,,,,,,,,,,,,,,,,,,,,,,TRANSISTOR,
Sample Group,DP704,TRANSISTOR,,,,,,,,,,,,1,1,A2A16,1,,,,,,,,,,,,,,,,,,,,,,,,,,,,,,TRANSISTOR,
Sample Group,DP804,TRANSISTOR,,,13,,,,,,,,,1,2,A2A16,2,,,,,,,,,,,,,,,,,,,,,,,,,,,,,,TRANSISTOR,
Sample Group,DP904,TRANSISTOR,,,4,,,,,,,,,1,2,A2A16,2,,,,,,,,,,,,,,,,,,,,,,,,,,,,,,TRANSISTOR,
Sample Group,DPM0017,TRANSISTOR,,,30,,,,,,,,,1,2,A2A16,2,,,,,,,,,,,,,,,,,,,,,,,,,,,,,,TRANSISTOR,
Sample Group,DT5NF20F,FLYBACK,,,,,,,,,,,,1,3,A1,3,,,,,,,,,,,,,,,,,,,,,,,,,,,,,,FLYBACK,
Sample Group,ECG299,TRANSISTOR,,,3,,,,,,,,,1,3,B1D10,3,,,,,,,,,,,,,,,,,,,,,,,,,,,,,,TRANSISTOR,
Sample Group,ECG311,TRANSISTOR,=M9599,,1,,,,,,,,,1,1,B1D10,1,,,,,,,,,,,,,,,,,,,,,,,,,,,,,,TRANSISTOR,
Sample Group,ECG6087,TRANSISTOR,,,,,,,,,,,,1,1,A2A17,1,,,,,,,,,,,,,,,,,,,,,,,,,,,,,,TRANSISTOR,
Sample Group,ECG68,TRANSISTOR,,,15,,,,,,,,,1,3,A2B12,3,,,,,,,,,,,,,,,,,,,,,,,,,,,,,,TRANSISTOR,
Sample Group,EI3003,TRANSISTOR,,,,,,,,,,,,1,1,A2A17,1,,,,,,,,,,,,,,,,,,,,,,,,,,,,,,TRANSISTOR,
Sample Group,EI3005,TRANSISTOR,,,6,,,,,,,,,1,1,A2A17,1,,,,,,,,,,,,,,,,,,,,,,,,,,,,,,TRANSISTOR,
Sample Group,ES108,TRANSISTOR,ECG243,,2,,,,,,,,,1,4,B1D10,1,B3D9,3,,,,,,,,,,,,,,,,,,,,,,,,,,,,TRANSISTOR,
Sample Group,F2D,TRANSISTOR,,,7,,,,,,,,,1,3,A2A17,3,,,,,,,,,,,,,,,,,,,,,,,,,,,,,,TRANSISTOR,
Sample Group,FA2017,FLYBACK,,,,,,,,,,,,1,2,A1,2,,,,,,,,,,,,,,,,,,,,,,,,,,,,,,FLYBACK,
Sample Group,FCK1411E10A,FLYBACK,,,40,,,,,,,,,1,1,A1,1,,,,,,,,,,,,,,,,,,,,,,,,,,,,,,FLYBACK,
Sample Group,FCK1415JL,FLYBACK,,,26,,,,,,,,,1,1,A1,1,,,,,,,,,,,,,,,,,,,,,,,,,,,,,,FLYBACK,
Sample Group,FCM20A010M,FLYBACK,,,,,,,,,,,,1,2,A1,2,,,,,,,,,,,,,,,,,,,,,,,,,,,,,,FLYBACK,
Sample Group,FCO14042,FLYBACK,,,36,,,,,,,,,1,1,A1,1,,,,,,,,,,,,,,,,,,,,,,,,,,,,,,FLYBACK,
Sample Group,FCO14A030C,FLYBACK,,,36,,,,,,,,,1,1,A1,1,,,,,,,,,,,,,,,,,,,,,,,,,,,,,,FLYBACK,
Sample Group,FCR25A001,FLYBACK,,,,,,,,,,,,1,3,A1,3,,,,,,,,,,,,,,,,,,,,,,,,,,,,,,FLYBACK,
Sample Group,FCR29A001,FLYBACK,,,40,,,,,,,,,1,1,A1,1,,,,,,,,,,,,,,,,,,,,,,,,,,,,,,FLYBACK,
Sample Group,FCV1422L01,FLYBACK,,,30,,,,,,,,,1,2,A1,2,,,,,,,,,,,,,,,,,,,,,,,,,,,,,,FLYBACK,
Sample Group,FCZ29A001,FLYBACK,,,40,,,,,,,,,1,2,A1,2,,,,,,,,,,,,,,,,,,,,,,,,,,,,,,FLYBACK,
Sample Group,FFA61012K,FLYBACK,,,35,,,,,,,,,1,1,A1,1,,,,,,,,,,,,,,,,,,,,,,,,,,,,,,FLYBACK,
Sample Group,FKD15A006,FLYBACK,,,,,,,,,,,,1,2,A1,2,,,,,,,,,,,,,,,,,,,,,,,,,,,,,,FLYBACK,
Sample Group,FKD15B002M,FLYBACK,,,36,,,,,,,,,1,2,A1,2,,,,,,,,,,,,,,,,,,,,,,,,,,,,,,FLYBACK,
Sample Group,FKG15A006,FLYBACK,,,35,,,,,,,,,1,1,A1,1,,,,,,,,,,,,,,,,,,,,,,,,,,,,,,FLYBACK,
Sample Group,FN1016,TRANSISTOR,,,10,,,,,,,,,1,1,A2A17,1,,,,,,,,,,,,,,,,,,,,,,,,,,,,,,TRANSISTOR,
Sample Group,FN6016,TRANSISTOR,,,,,,,,,,,,1,0,A2A17,0,,,,,,,,,,,,,,,,,,,,,,,,,,,,,,TRANSISTOR,
Sample Group,FN651,TRANSISTOR,,,10,,,,,,,,,1,6,A2A17,6,,,,,,,,,,,,,,,,,,,,,,,,,,,,,,TRANSISTOR,
Sample Group,FQ50N06,TRANSISTOR,,,7,,,,,,,,,1,19,A2A,19,,,,,,,,,,,,,,,,,,,,,,,,,,,,,,TRANSISTOR,
Sample Group,FQA15A001,FLYBACK,,,30,,,,,,,,,1,1,A1,1,,,,,,,,,,,,,,,,,,,,,,,,,,,,,,FLYBACK,
Sample Group,FQM15A007,FLYBACK,,,30,,,,,,,,,1,2,A1,2,,,,,,,,,,,,,,,,,,,,,,,,,,,,,,FLYBACK,
Sample Group,FQM17A001,FLYBACK,,,30,,,,,,,,,1,3,A1,3,,,,,,,,,,,,,,,,,,,,,,,,,,,,,,FLYBACK,
Sample Group,FS10KM,INTEGRADO,,,8,,,,,,,,,1,15,A2A18,15,,,,,,,,,,,,,,,,,,,,,,,,,,,,,,INTEGRADO,
Sample Group,FS5KM,INTEGRADO,,,10,,,,,,,,,1,2,A2A18,2,,,,,,,,,,,,,,,,,,,,,,,,,,,,,,INTEGRADO,
Sample Group,FSA14A003,FLYBACK,,,36,,,,,,,,,1,1,A1,1,,,,,,,,,,,,,,,,,,,,,,,,,,,,,,FLYBACK,
Sample Group,FSA15A002,FLYBACK,,,38,,,,,,,,,1,1,A1,1,,,,,,,,,,,,,,,,,,,,,,,,,,,,,,FLYBACK,
Sample Group,FSA15A005,FLYBACK,,,25,,,,,,,,,1,2,A1,2,,,,,,,,,,,,,,,,,,,,,,,,,,,,,,FLYBACK,
Sample Group,FSA28014M,FLYBACK,,,26,,,,,,,,,1,6,A1,6,,,,,,,,,,,,,,,,,,,,,,,,,,,,,,FLYBACK,
Sample Group,FSA37012M,FLYBACK,,,40,,,,,,,,,1,1,A1,1,,,,,,,,,,,,,,,,,,,,,,,,,,,,,,FLYBACK,
Sample Group,FSA61012M,FLYBACK,,,35,,,,,,,,,1,1,A1,1,,,,,,,,,,,,,,,,,,,,,,,,,,,,,,FLYBACK,
Sample Group,FSV14A001,FLYBACK,,,35,,,,,,,,,1,1,A1,1,,,,,,,,,,,,,,,,,,,,,,,,,,,,,,FLYBACK,
Sample Group,FSV14A004,FLYBACK,,,30,,,,,,,,,1,1,A1,1,,,,,,,,,,,,,,,,,,,,,,,,,,,,,,FLYBACK,
Sample Group,FSV20A099,FLYBACK,,,,,,,,,,,,1,1,A1,1,,,,,,,,,,,,,,,,,,,,,,,,,,,,,,FLYBACK,
Sample Group,FSV20B018,FLYBACK,,,35,,,,,,,,,1,2,A1,2,,,,,,,,,,,,,,,,,,,,,,,,,,,,,,FLYBACK,
Sample Group,FUH29A001,FLYBACK,,,50,,,,,,,,,1,1,A1,1,,,,,,,,,,,,,,,,,,,,,,,,,,,,,,FLYBACK,
Sample Group,G4PC50,INTEGRADO,,,28,,,,,,,,,1,3,A2A19,3,,,,,,,,,,,,,,,,,,,,,,,,,,,,,,INTEGRADO,
Sample Group,GL494,INTEGRADO,=GS9450,,2.5,,,,,,,,,1,10,A2A18,10,,,,,,,,,,,,,,,,,,,,,,,,,,,,,,INTEGRADO,
Sample Group,GL7440,INTEGRADO,,,10,,,,,,,,,1,1,A2A18,1,,,,,,,,,,,,,,,,,,,,,,,,,,,,,,INTEGRADO,
Sample Group,GM0765,INTEGRADO,,,17,,,,,,,,,1,1,A2A18,1,,,,,,,,,,,,,,,,,,,,,,,,,,,,,,INTEGRADO,
Sample Group,GS8208-08C,INTEGRADO,,,,,,,,,,,,1,1,A2A19,1,,,,,,,,,,,,,,,,,,,,,,,,,,,,,,INTEGRADO,
Sample Group,GS8908-02H,INTEGRADO,,,,,,,,,,,,1,1,A2A19,1,,,,,,,,,,,,,,,,,,,,,,,,,,,,,,INTEGRADO,
Sample Group,GS9450,INTEGRADO,=GL494,,2.5,,,,,,,,,1,10,A2A18,10,,,,,,,,,,,,,,,,,,,,,,,,,,,,,,INTEGRADO,
Sample Group,H6NA80,INTEGRADO,,,12,,,,,,,,,1,7,B2A14,7,,,,,,,,,,,,,,,,,,,,,,,,,,,,,,INTEGRADO,
Sample Group,HA1755,TRANSISTOR,,,10,,,,,,,,,1,1,A2A19,1,,,,,,,,,,,,,,,,,,,,,,,,,,,,,,TRANSISTOR,
Sample Group,HAI14817,TRANSISTOR,,,50,,,,,,,,,1,1,A2A20,1,,,,,,,,,,,,,,,,,,,,,,,,,,,,,,TRANSISTOR,
Sample Group,HAI3151 4K3,TRANSISTOR,,,35,,,,,,,,,1,1,A2A20,1,,,,,,,,,,,,,,,,,,,,,,,,,,,,,,TRANSISTOR,
Sample Group,HAI3151 4L3,TRANSISTOR,,,24,,,,,,,,,1,4,A2A20,1,,,,,,,,,,,,,,,,,,,,,,,,,,,,,,TRANSISTOR,
Sample Group,HAI3173,TRANSISTOR,,,18,,,,,,,,,1,4,A2A20,4,,,,,,,,,,,,,,,,,,,,,,,,,,,,,,TRANSISTOR,
Sample Group,HCD4013,TRANSISTOR,,,3,,,,,,,,,1,17,A2A21,17,,,,,,,,,,,,,,,,,,,,,,,,,,,,,,TRANSISTOR,
Sample Group,HCF4001,TRANSISTOR,,,5,,,,,,,,,1,5,B3B7,5,,,,,,,,,,,,,,,,,,,,,,,,,,,,,,TRANSISTOR,
Sample Group,HCF4007,TRANSISTOR,,,3,,,,,,,,,1,5,B3B7,5,,,,,,,,,,,,,,,,,,,,,,,,,,,,,,TRANSISTOR,
Sample Group,HCF4011,TRANSISTOR,,,3,,,,,,,,,1,25,A2A21,13,B3B7,12,,,,,,,,,,,,,,,,,,,,,,,,,,,,TRANSISTOR,
Sample Group,HCF4017,TRANSISTOR,,,,,,,,,,,,1,0,A2A21,0,,,,,,,,,,,,,,,,,,,,,,,,,,,,,,TRANSISTOR,
Sample Group,HCF4023,TRANSISTOR,,,4,,,,,,,,,1,6,B3B8,6,,,,,,,,,,,,,,,,,,,,,,,,,,,,,,TRANSISTOR,
Sample Group,HCF4040,TRANSISTOR,,,4,,,,,,,,,1,20,B3B8,20,,,,,,,,,,,,,,,,,,,,,,,,,,,,,,TRANSISTOR,
Sample Group,HCF4052,TRANSISTOR,,,3,,,,,,,,,1,3,A2A22,3,,,,,,,,,,,,,,,,,,,,,,,,,,,,,,TRANSISTOR,
Sample Group,HCF4066B,TRANSISTOR,,,3.5,,,,,,,,,1,9,A2A21,9,,,,,,,,,,,,,,,,,,,,,,,,,,,,,,TRANSISTOR,
Sample Group,HCF4070,TRANSISTOR,,,4,,,,,,,,,1,2,B3B9,2,,,,,,,,,,,,,,,,,,,,,,,,,,,,,,TRANSISTOR,
Sample Group,HCF4094,TRANSISTOR,,,3,,,,,,,,,1,6,A2A22,6,,,,,,,,,,,,,,,,,,,,,,,,,,,,,,TRANSISTOR,
Sample Group,HCF41BE,TRANSISTOR,,,3,,,,,,,,,1,19,A2A22,19,,,,,,,,,,,,,,,,,,,,,,,,,,,,,,TRANSISTOR,
Sample Group,HEF4018,TRANSISTOR,,,5,,,,,,,,,1,8,B3B7,8,,,,,,,,,,,,,,,,,,,,,,,,,,,,,,TRANSISTOR,
Sample Group,HEF4072,TRANSISTOR,,,5,,,,,,,,,1,5,B3B9,5,,,,,,,,,,,,,,,,,,,,,,,,,,,,,,TRANSISTOR,
Sample Group,HEF4076,TRANSISTOR,,,4,,,,,,,,,1,2,B3B9,2,,,,,,,,,,,,,,,,,,,,,,,,,,,,,,TRANSISTOR,
Sample Group,HF20M,TRANSISTOR,,,1,,,,,,,,,1,1,B1D10,1,,,,,,,,,,,,,,,,,,,,,,,,,,,,,,TRANSISTOR,
Sample Group,HI1000,TRANSISTOR,,,40,,,,,,,,,1,0,A2A22,0,,,,,,,,,,,,,,,,,,,,,,,,,,,,,,TRANSISTOR,
Sample Group,HI1004,TRANSISTOR,,,40,,,,,,,,,1,1,A2A22,1,,,,,,,,,,,,,,,,,,,,,,,,,,,,,,TRANSISTOR,
Sample Group,HI200-4,TRANSISTOR,,,50,,,,,,,,,1,1,A2A22,1,,,,,,,,,,,,,,,,,,,,,,,,,,,,,,TRANSISTOR,
Sample Group,HIS0169,TRANSISTOR,,,8,,,,,,,,,1,5,A2A19,5,,,,,,,,,,,,,,,,,,,,,,,,,,,,,,TRANSISTOR,
Sample Group,HIS0169B,TRANSISTOR,,,,,,,,,,,,1,0,A2A23,0,,,,,,,,,,,,,,,,,,,,,,,,,,,,,,TRANSISTOR,
Sample Group,IA38BR,TRANSISTOR,,,7,,,,,,,,,1,1,A2A23,1,,,,,,,,,,,,,,,,,,,,,,,,,,,,,,TRANSISTOR,
Sample Group,ICE20503,INTEGRADO,,,6,,,,,,,,,1,1,A2A23,1,,,,,,,,,,,,,,,,,,,,,,,,,,,,,,INTEGRADO,
Sample Group,ICE3B0365J,INTEGRADO,,,8,,,,,,,,,1,3,B2A14,3,,,,,,,,,,,,,,,,,,,,,,,,,,,,,,INTEGRADO,
Sample Group,IR2153,TRANSISTOR,,,6,,,,,,,,,1,0,B1A1,0,,,,,,,,,,,,,,,,,,,,,,,,,,,,,,TRANSISTOR,
Sample Group,IR2E02,TRANSISTOR,,,7,,,,,,,,,1,2,B1A1,2,,,,,,,,,,,,,,,,,,,,,,,,,,,,,,TRANSISTOR,
Sample Group,IR76,TRANSISTOR,,,22,,,,,,,,,1,0,B1A1,0,,,,,,,,,,,,,,,,,,,,,,,,,,,,,,TRANSISTOR,
Sample Group,IRF1407,TRANSISTOR,,20160229,7,,,,,,,,,1,4,B1A5,4,,,,,,,,,,,,,,,,,,,,,,,,,,,,,,TRANSISTOR,
Sample Group,IRF3205,TRANSISTOR,ECG2991,20160229,5,,,,,,,,,1,27,B1A5,27,,,,,,,,,,,,,,,,,,,,,,,,,,,,,,TRANSISTOR,
Sample Group,IRF450,TRANSISTOR,,20160229,10,,,,,,,,,1,8,B1A2,8,,,,,,,,,,,,,,,,,,,,,,,,,,,,,,TRANSISTOR,
Sample Group,IRF510,TRANSISTOR,,20160229,5,,,,,,,,,1,1,B1A2,1,,,,,,,,,,,,,,,,,,,,,,,,,,,,,,TRANSISTOR,
Sample Group,IRF530,TRANSISTOR,ECG66,20160229,5,,,,,,,,,1,16,B1A2,16,,,,,,,,,,,,,,,,,,,,,,,,,,,,,,TRANSISTOR,
Sample Group,IRF540,TRANSISTOR,ECG2396,20160229,4,,,,,,,,,1,18,A2A23,5,B1A2,13,,,,,,,,,,,,,,,,,,,,,,,,,,,,TRANSISTOR,
Sample Group,IRF61413,TRANSISTOR,NO TIENE ECG,20160229,10,,,,,,,,,1,0,B1A6,0,,,,,,,,,,,,,,,,,,,,,,,,,,,,,,TRANSISTOR,
Sample Group,IRF620,TRANSISTOR,ECG2388,20160229,4,,,,,,,,,1,11,B1A2,11,,,,,,,,,,,,,,,,,,,,,,,,,,,,,,TRANSISTOR,
Sample Group,IRF630,TRANSISTOR,,20160229,4,,,,,,,,,1,15,B1A3,15,,,,,,,,,,,,,,,,,,,,,,,,,,,,,,TRANSISTOR,
Sample Group,IRF634,TRANSISTOR,ECG2900,20160229,6,,,,,,,,,1,13,B1A3,13,,,,,,,,,,,,,,,,,,,,,,,,,,,,,,TRANSISTOR,
Sample Group,IRF640,TRANSISTOR,ECG2374,20160229,4,,,,,,,,,1,17,B1A3,17,,,,,,,,,,,,,,,,,,,,,,,,,,,,,,TRANSISTOR,
Sample Group,IRF730A,TRANSISTOR,NO TIENE ECG,20160229,5,,,,,,,,,1,10,B1A3,10,,,,,,,,,,,,,,,,,,,,,,,,,,,,,,TRANSISTOR,
Sample Group,IRF740,TRANSISTOR,ECG2397,20160229,7,,,,,,,,,1,0,B1A4,0,,,,,,,,,,,,,,,,,,,,,,,,,,,,,,TRANSISTOR,
Sample Group,IRF822,TRANSISTOR,ECG2380,20160229,3,,,,,,,,,1,4,B1A4,4,,,,,,,,,,,,,,,,,,,,,,,,,,,,,,TRANSISTOR,
Sample Group,IRF830,TRANSISTOR,ECG2398,20160229,7,,,,,,,,,1,8,B1A4,8,,,,,,,,,,,,,,,,,,,,,,,,,,,,,,TRANSISTOR,
Sample Group,IRF840,TRANSISTOR,ECG2385,20160229,5,,,,,,,,,1,4,B1A4,4,,,,,,,,,,,,,,,,,,,,,,,,,,,,,,TRANSISTOR,
Sample Group,IRF9530,TRANSISTOR,,20160229,5,,,,,,,,,1,4,B1A5,4,,,,,,,,,,,,,,,,,,,,,,,,,,,,,,TRANSISTOR,
Sample Group,IRF9540,TRANSISTOR,ECG2371,20160229,5,,,,,,,,,1,4,B1A5,4,,,,,,,,,,,,,,,,,,,,,,,,,,,,,,TRANSISTOR,
Sample Group,IRF9610,TRANSISTOR,ECG2372,20160229,5,,,,,,,,,1,2,B1A6,2,,,,,,,,,,,,,,,,,,,,,,,,,,,,,,TRANSISTOR,
Sample Group,IRF9630,TRANSISTOR,ECG2373,20160229,3,,,,,,,,,1,30,B1A6,30,,,,,,,,,,,,,,,,,,,,,,,,,,,,,,TRANSISTOR,
Sample Group,IRFP150N,TRANSISTOR,ECG2967,20160229,10,,,,,,,,,1,3,B1A7,3,,,,,,,,,,,,,,,,,,,,,,,,,,,,,,TRANSISTOR,
Sample Group,IRFP250N,TRANSISTOR,NO TIENE ECG,20160229,10,,,,,,,,,1,3,B1A7,3,,,,,,,,,,,,,,,,,,,,,,,,,,,,,,TRANSISTOR,
Sample Group,IRFP260N,TRANSISTOR,ECG2916,20160229,11,,,,,,,,,1,2,B1A7,2,,,,,,,,,,,,,,,,,,,,,,,,,,,,,,TRANSISTOR,
Sample Group,IRFP450,TRANSISTOR,ECG2394,20160229,,,,,,,,,,,0,,,,,,,,,,,,,,,,,,,,,,,,,,,,,,,,TRANSISTOR,
Sample Group,IRFP460,TRANSISTOR,ECG2970,20160229,8,,,,,,,,,1,8,B1A7,8,,,,,,,,,,,,,,,,,,,,,,,,,,,,,,TRANSISTOR,
Sample Group,IRFS640,TRANSISTOR,ECG2944,20160229,8,,,,,,,,,1,8,B1A8,8,,,,,,,,,,,,,,,,,,,,,,,,,,,,,,TRANSISTOR,
Sample Group,IRFZ24,TRANSISTOR,,20160229,4,,,,,,,,,1,7,B1A9,7,,,,,,,,,,,,,,,,,,,,,,,,,,,,,,TRANSISTOR,
Sample Group,IRFZ44N,TRANSISTOR,ECG2395,20160229,4,,,,,,,,,1,25,B1A9,25,,,,,,,,,,,,,,,,,,,,,,,,,,,,,,TRANSISTOR,
Sample Group,IRFZ48N,TRANSISTOR,ECG2904,20160229,6,,,,,,,,,1,25,B1A9,25,,,,,,,,,,,,,,,,,,,,,,,,,,,,,,TRANSISTOR,
Sample Group,J176,TRANSISTOR,,,,,,,,,,,,1,6,A2A23,6,,,,,,,,,,,,,,,,,,,,,,,,,,,,,,TRANSISTOR,
Sample Group,J449,TRANSISTOR,,,4,,,,,,,,,1,4,A2A23,4,,,,,,,,,,,,,,,,,,,,,,,,,,,,,,TRANSISTOR,
Sample Group,J46AF,TRANSISTOR,,,7,,,,,,,,,1,2,A2A24,2,,,,,,,,,,,,,,,,,,,,,,,,,,,,,,TRANSISTOR,
Sample Group,J5804,TRANSISTOR,,,8,,,,,,,,,1,0,A2A24,0,,,,,,,,,,,,,,,,,,,,,,,,,,,,,,TRANSISTOR,
Sample Group,J6810A,TRANSISTOR,=TT2142,,10,,,,,,,,,1,2,A2A24,2,,,,,,,,,,,,,,,,,,,,,,,,,,,,,,TRANSISTOR,
Sample Group,J6810D,TRANSISTOR,,,10,,,,,,,,,1,6,A2A24,6,,,,,,,,,,,,,,,,,,,,,,,,,,,,,,TRANSISTOR,
Sample Group,J6820,TRANSISTOR,,,15,,,,,,,,,1,2,A2A24,2,,,,,,,,,,,,,,,,,,,,,,,,,,,,,,TRANSISTOR,
Sample Group,J6920,TRANSISTOR,,,15,,,,,,,,,1,4,A2A24,4,,,,,,,,,,,,,,,,,,,,,,,,,,,,,,TRANSISTOR,
Sample Group,JF0501-19272R,FLYBACK,,,46,,,,,,,,,1,1,A1,1,,,,,,,,,,,,,,,,,,,,,,,,,,,,,,FLYBACK,
Sample Group,K1094,TRANSISTOR,NO TIENE ECG,20160229,10,,,,,,,,,1,4,B1B3,4,,,,,,,,,,,,,,,,,,,,,,,,,,,,,,TRANSISTOR,
Sample Group,K1096,TRANSISTOR,ECG2374,20160229,8,,,,,,,,,1,2,B1B3,2,,,,,,,,,,,,,,,,,,,,,,,,,,,,,,TRANSISTOR,
Sample Group,K1117,TRANSISTOR,ECG2379,20160229,4,,,,,,,,,1,3,B1B3,3,,,,,,,,,,,,,,,,,,,,,,,,,,,,,,TRANSISTOR,
Sample Group,K1482,TRANSISTOR,NO TIENE ECG,20160229,2,,,,,,,,,1,15,B1B3,15,,,,,,,,,,,,,,,,,,,,,,,,,,,,,,TRANSISTOR,
Sample Group,K1507,TRANSISTOR,ECG2989,20160229,6,,,,,,,,,1,16,B1B3,16,,,,,,,,,,,,,,,,,,,,,,,,,,,,,,TRANSISTOR,
Sample Group,K1537,TRANSISTOR,ECG2377,20160229,15,,,,,,,,,1,5,B1B4,5,,,,,,,,,,,,,,,,,,,,,,,,,,,,,,TRANSISTOR,
Sample Group,K1603,TRANSISTOR,ECG2399,20160229,8,,,,,,,,,1,10,B1B4,10,,,,,,,,,,,,,,,,,,,,,,,,,,,,,,TRANSISTOR,
Sample Group,K1606,TRANSISTOR,ECG2385,20160229,8,,,,,,,,,1,3,B1B4,3,,,,,,,,,,,,,,,,,,,,,,,,,,,,,,TRANSISTOR,
Sample Group,K1692,TRANSISTOR,ECG2377,20160229,8,,,,,,,,,1,3,B1B4,3,,,,,,,,,,,,,,,,,,,,,,,,,,,,,,TRANSISTOR,
Sample Group,K16A60W,INTEGRADO,,,14,,,,,,,,,1,1,B2A8,1,,,,,,,,,,,,,,,,,,,,,,,,,,,,,,INTEGRADO,
Sample Group,K170,TRANSISTOR,ECG312,20160229,1,,,,,,,,,1,5,B1B1,5,,,,,,,,,,,,,,,,,,,,,,,,,,,,,,TRANSISTOR,
Sample Group,K1794,TRANSISTOR,ECG2377,20160229,8,,,,,,,,,1,1,B1B4,1,,,,,,,,,,,,,,,,,,,,,,,,,,,,,,TRANSISTOR,
Sample Group,K1833,TRANSISTOR,ECG2398,20160229,8,,,,,,,,,1,7,B1B5,7,,,,,,,,,,,,,,,,,,,,,,,,,,,,,,TRANSISTOR,
Sample Group,K18A50D,INTEGRADO,,,16,,,,,,,,,1,4,B2A8,4,,,,,,,,,,,,,,,,,,,,,,,,,,,,,,INTEGRADO,
Sample Group,K2003,TRANSISTOR,NO TIENE ECG,20160229,6,,,,,,,,,1,4,B1B5,4,,,,,,,,,,,,,,,,,,,,,,,,,,,,,,TRANSISTOR,
Sample Group,K2026,TRANSISTOR,=C2026,20160229,3,,,,,,,,,1,3,B1B5,3,,,,,,,,,,,,,,,,,,,,,,,,,,,,,,TRANSISTOR,
Sample Group,K2038,TRANSISTOR,ECG2377,20160229,16,,,,,,,,,1,3,B1B5,3,,,,,,,,,,,,,,,,,,,,,,,,,,,,,,TRANSISTOR,
Sample Group,K2043,TRANSISTOR,ECG2387,20160229,8,,,,,,,,,1,4,B1B5,4,,,,,,,,,,,,,,,,,,,,,,,,,,,,,,TRANSISTOR,
Sample Group,K2182,TRANSISTOR,ECG2976,20160229,10,,,,,,,,,1,9,B1B6,9,,,,,,,,,,,,,,,,,,,,,,,,,,,,,,TRANSISTOR,
Sample Group,K2185,TRANSISTOR,ECG2976,20160229,10,,,,,,,,,1,2,B1B6,2,,,,,,,,,,,,,,,,,,,,,,,,,,,,,,TRANSISTOR,
Sample Group,K2188,TRANSISTOR,ECG2385,20160229,15,,,,,,,,,1,5,B1B6,5,,,,,,,,,,,,,,,,,,,,,,,,,,,,,,TRANSISTOR,
Sample Group,K2233,TRANSISTOR,NO TIENE ECG,20160229,,,,,,,,,,,0,,,,,,,,,,,,,,,,,,,,,,,,,,,,,,,,TRANSISTOR,
Sample Group,K2275,TRANSISTOR,NO TIENE ECG,20160229,10,,,,,,,,,1,6,B1B6,6,,,,,,,,,,,,,,,,,,,,,,,,,,,,,,TRANSISTOR,
Sample Group,K2276,TRANSISTOR,NO TIENE ECG,20160229,8,,,,,,,,,1,1,B1B6,1,,,,,,,,,,,,,,,,,,,,,,,,,,,,,,TRANSISTOR,
Sample Group,K2333,TRANSISTOR,ECG2976,20160229,6,,,,,,,,,1,4,B1B7,4,,,,,,,,,,,,,,,,,,,,,,,,,,,,,,TRANSISTOR,
Sample Group,K2398,TRANSISTOR,NO TIENE ECG,20160229,,,1,,,,,,,,0,,,,,,,,,,,,,,,,,,,,,,,,,,,,,,,,TRANSISTOR,
Sample Group,K246,TRANSISTOR,NO TIENE ECG,20160229,5,,,,,,,,,1,17,B1B1,17,,,,,,,,,,,,,,,,,,,,,,,,,,,,,,TRANSISTOR,
Sample Group,K2488,TRANSISTOR,ECG2973,20160229,16,,,,,,,,,1,6,B1B7,6,,,,,,,,,,,,,,,,,,,,,,,,,,,,,,TRANSISTOR,
Sample Group,K2545,TRANSISTOR,ECG2379,20160229,6,,,,,,,,,1,6,B1B7,6,,,,,,,,,,,,,,,,,,,,,,,,,,,,,,TRANSISTOR,
Sample Group,K2611,TRANSISTOR,=K2488,20160229,16,,,,,,,,,1,0,B1B7,0,,,,,,,,,,,,,,,,,,,,,,,,,,,,,,TRANSISTOR,
Sample Group,K2640,TRANSISTOR,ECG2999,20160229,8,,,,,,,,,1,1,B1B7,1,,,,,,,,,,,,,,,,,,,,,,,,,,,,,,TRANSISTOR,
Sample Group,K2645,TRANSISTOR,ECG2989,20160229,8,,,,,,,,,1,2,B1B8,2,,,,,,,,,,,,,,,,,,,,,,,,,,,,,,TRANSISTOR,
Sample Group,K2662,TRANSISTOR,ECG2379,20160229,8,,,,,,,,,1,4,B1B8,4,,,,,,,,,,,,,,,,,,,,,,,,,,,,,,TRANSISTOR,
Sample Group,K2671,TRANSISTOR,ECG2959,20160229,8,,,,,,,,,1,7,B1B8,7,,,,,,,,,,,,,,,,,,,,,,,,,,,,,,TRANSISTOR,
Sample Group,K2723,TRANSISTOR,ECG2389,20160229,8,,,,,,,,,1,2,B1B8,2,,,,,,,,,,,,,,,,,,,,,,,,,,,,,,TRANSISTOR,
Sample Group,K2746,TRANSISTOR,ECG2377,20160229,8,,,,,,,,,1,1,B1B8,1,,,,,,,,,,,,,,,,,,,,,,,,,,,,,,TRANSISTOR,
Sample Group,K2845,TRANSISTOR,NO TIENE ECG,20160229,10,,,,,,,,,1,3,B1B9,3,,,,,,,,,,,,,,,,,,,,,,,,,,,,,,TRANSISTOR,
Sample Group,K2876,TRANSISTOR,ECG2989,20160229,7,,,,,,,,,1,0,B1B9,0,,,,,,,,,,,,,,,,,,,,,,,,,,,,,,TRANSISTOR,
Sample Group,K2937,TRANSISTOR,ECG2914,20160229,10,,,,,,,,,1,7,B1B9,7,,,,,,,,,,,,,,,,,,,,,,,,,,,,,,TRANSISTOR,
Sample Group,K2961,TRANSISTOR,NO TIENE ECG,20160229,7,,,,,,,,,1,0,B1B9,0,,,,,,,,,,,,,,,,,,,,,,,,,,,,,,TRANSISTOR,
Sample Group,K2996,TRANSISTOR,ECG2989,20160229,7,,,,,,,,,1,0,B1B9,0,,,,,,,,,,,,,,,,,,,,,,,,,,,,,,TRANSISTOR,
Sample Group,K3053,TRANSISTOR,ECG2941,20160229,8,,,,,,,,,1,4,B1B10,4,,,,,,,,,,,,,,,,,,,,,,,,,,,,,,TRANSISTOR,
Sample Group,K3115,TRANSISTOR,ECG2974,20160229,8,,,,,,,,,1,13,B1B10,13,,,,,,,,,,,,,,,,,,,,,,,,,,,,,,TRANSISTOR,
Sample Group,K330,TRANSISTOR,NO TIENE ECG,20160229,1,,,,,,,,,1,10,B1B1,10,,,,,,,,,,,,,,,,,,,,,,,,,,,,,,TRANSISTOR,
Sample Group,K3326,TRANSISTOR,NO TIENE ECG,20160229,10,,,,,,,,,1,6,B1B10,6,,,,,,,,,,,,,,,,,,,,,,,,,,,,,,TRANSISTOR,
Sample Group,K3451,TRANSISTOR,NO TIENE ECG,20160229,12,,,,,,,,,1,2,B1B10,2,,,,,,,,,,,,,,,,,,,,,,,,,,,,,,TRANSISTOR,
Sample Group,K3563,TRANSISTOR,ECG2903,20160229,10,,,,,,,,,1,3,B1B11,3,,,,,,,,,,,,,,,,,,,,,,,,,,,,,,TRANSISTOR,
Sample Group,K3566,TRANSISTOR,NO TIENE ECG,20160229,6,,,,,,,,,1,5,B1B11,5,,,,,,,,,,,,,,,,,,,,,,,,,,,,,,TRANSISTOR,
Sample Group,K3568,TRANSISTOR,ECG2911,20160229,8,,,,,,,,,1,10,B1B11,10,,,,,,,,,,,,,,,,,,,,,,,,,,,,,,TRANSISTOR,
Sample Group,K3569,TRANSISTOR,NO TIENE ECG,20160229,8,,,,,,,,,1,3,B1B11,3,,,,,,,,,,,,,,,,,,,,,,,,,,,,,,TRANSISTOR,
Sample Group,K373,TRANSISTOR,NO TIENE ECG,20160229,4,,,,,,,,,1,2,B1B1,2,,,,,,,,,,,,,,,,,,,,,,,,,,,,,,TRANSISTOR,
Sample Group,K44,TRANSISTOR,ECG222,20160229,1,,,,,,,,,1,21,B1B1,21,,,,,,,,,,,,,,,,,,,,,,,,,,,,,,TRANSISTOR,
Sample Group,K538,TRANSISTOR,ECG2378,20160229,8,,,,,,,,,1,5,B1B2,5,,,,,,,,,,,,,,,,,,,,,,,,,,,,,,TRANSISTOR,
Sample Group,K724,TRANSISTOR,ECG2393,20160229,8,,,,,,,,,1,2,B1B2,2,,,,,,,,,,,,,,,,,,,,,,,,,,,,,,TRANSISTOR,
Sample Group,K727,TRANSISTOR,ECG2377,20160229,,,1,,,,,,,,0,,,,,,,,,,,,,,,,,,,,,,,,,,,,,,,,TRANSISTOR,
Sample Group,K791,TRANSISTOR,ECG2387,20160229,5,,,,,,,,,1,2,B1B2,2,,,,,,,,,,,,,,,,,,,,,,,,,,,,,,TRANSISTOR,
Sample Group,K793,TRANSISTOR,ECG2377,20160229,12,,,,,,,,,1,5,B1B2,5,,,,,,,,,,,,,,,,,,,,,,,,,,,,,,TRANSISTOR,
Sample Group,K903,TRANSISTOR,ECG2387,20160229,6,,,,,,,,,1,5,B1B2,5,,,,,,,,,,,,,,,,,,,,,,,,,,,,,,TRANSISTOR,
Sample Group,K9507,TRANSISTOR,NO TIENE ECG,20160229,5,,,,,,,,,1,3,B1B11,3,,,,,,,,,,,,,,,,,,,,,,,,,,,,,,TRANSISTOR,
Sample Group,KA33V,TRANSISTOR,ECG451,,1,,,,,,,,,1,9,B3D9,9,,,,,,,,,,,,,,,,,,,,,,,,,,,,,,TRANSISTOR,
Sample Group,KA78M08,TRANSISTOR,,,,,,,,,,,,1,1,A2A25,1,,,,,,,,,,,,,,,,,,,,,,,,,,,,,,TRANSISTOR,
Sample Group,KFS60226,FLYBACK,,,28,,,,,,,,,1,2,A1,2,,,,,,,,,,,,,,,,,,,,,,,,,,,,,,FLYBACK,
Sample Group,KN2222,TRANSISTOR,,20160229,1,,,,,,,,,1,17,B1B12,17,,,,,,,,,,,,,,,,,,,,,,,,,,,,,,TRANSISTOR,
Sample Group,KSE350,TRANSISTOR,,20160229,5,,,,,,,,,1,2,B1B12,2,,,,,,,,,,,,,,,,,,,,,,,,,,,,,,TRANSISTOR,
Sample Group,KSE800,TRANSISTOR,,20160229,5,,,,,,,,,1,1,B1B12,1,,,,,,,,,,,,,,,,,,,,,,,,,,,,,,TRANSISTOR,
Sample Group,L4960,TRANSISTOR,,,10,,,,,,,,,1,5,A2A25,5,,,,,,,,,,,,,,,,,,,,,,,,,,,,,,TRANSISTOR,
Sample Group,L4962,TRANSISTOR,,,10,,,,,,,,,1,3,A2A25,3,,,,,,,,,,,,,,,,,,,,,,,,,,,,,,TRANSISTOR,
Sample Group,L6565,TRANSISTOR,,,5,,,,,,,,,1,0,A2A25,0,,,,,,,,,,,,,,,,,,,,,,,,,,,,,,TRANSISTOR,
Sample Group,L7808CV,TRANSISTOR,,,,,,,,,,,,1,1,A2B2,1,,,,,,,,,,,,,,,,,,,,,,,,,,,,,,TRANSISTOR,
Sample Group,L78L05,TRANSISTOR,ECG36,,1,,,,,,,,,1,20,B3D9,20,,,,,,,,,,,,,,,,,,,,,,,,,,,,,,TRANSISTOR,
Sample Group,L78L09,TRANSISTOR,,,1,,,,,,,,,1,17,B3D9,17,,,,,,,,,,,,,,,,,,,,,,,,,,,,,,TRANSISTOR,
Sample Group,L78MG2J5,TRANSISTOR,,,4,,,,,,,,,1,5,A2A25,5,,,,,,,,,,,,,,,,,,,,,,,,,,,,,,TRANSISTOR,
Sample Group,LB1640,TRANSISTOR,,,12,,,,,,,,,1,3,A2A26,3,,,,,,,,,,,,,,,,,,,,,,,,,,,,,,TRANSISTOR,
Sample Group,LB1641,TRANSISTOR,,,10,,,,,,,,,1,2,A2A26,2,,,,,,,,,,,,,,,,,,,,,,,,,,,,,,TRANSISTOR,
Sample Group,LB1648,TRANSISTOR,,,10,,,,,,,,,1,2,A2A26,2,,,,,,,,,,,,,,,,,,,,,,,,,,,,,,TRANSISTOR,
Sample Group,LC72131,TRANSISTOR,,,8,,,,,,,,,1,2,A2A28,2,,,,,,,,,,,,,,,,,,,,,,,,,,,,,,TRANSISTOR,
Sample Group,LC7218,TRANSISTOR,,,8,,,,,,,,,1,6,A2A26,6,,,,,,,,,,,,,,,,,,,,,,,,,,,,,,TRANSISTOR,
Sample Group,LC7522,TRANSISTOR,,,15,,,,,,,,,1,3,A2A26,3,,,,,,,,,,,,,,,,,,,,,,,,,,,,,,TRANSISTOR,
Sample Group,LC7533,TRANSISTOR,,,8,,,,,,,,,1,2,A2A27,2,,,,,,,,,,,,,,,,,,,,,,,,,,,,,,TRANSISTOR,
Sample Group,LC75341,TRANSISTOR,,,10,,,,,,,,,1,2,A2A28,2,,,,,,,,,,,,,,,,,,,,,,,,,,,,,,TRANSISTOR,
Sample Group,LC7535,TRANSISTOR,,,15,,,,,,,,,1,1,A2A27,1,,,,,,,,,,,,,,,,,,,,,,,,,,,,,,TRANSISTOR,
Sample Group,LC7815,TRANSISTOR,,,15,,,,,,,,,1,2,A2A27,2,,,,,,,,,,,,,,,,,,,,,,,,,,,,,,TRANSISTOR,
Sample Group,LC7818,TRANSISTOR,,,15,,,,,,,,,1,3,A2A27,3,,,,,,,,,,,,,,,,,,,,,,,,,,,,,,TRANSISTOR,
Sample Group,LC7821,TRANSISTOR,,,10,,,,,,,,,1,11,A2A27,11,,,,,,,,,,,,,,,,,,,,,,,,,,,,,,TRANSISTOR,
Sample Group,LC7881,TRANSISTOR,,,10,,,,,,,,,1,2,A2A28,2,,,,,,,,,,,,,,,,,,,,,,,,,,,,,,TRANSISTOR,
Sample Group,LG631-9R,INTEGRADO,,,60,,,,,,,,,1,0,A2A28,0,,,,,,,,,,,,,,,,,,,,,,,,,,,,,,INTEGRADO,
Sample Group,LM1203,TRANSISTOR,=LM9612X,,,,,,,,,,,,0,,,,,,,,,,,,,,,,,,,,,,,,,,,,,,,,TRANSISTOR,
Sample Group,LM1458,TRANSISTOR,,,3,,,,,,,,,1,4,A2A30,4,,,,,,,,,,,,,,,,,,,,,,,,,,,,,,TRANSISTOR,
Sample Group,LM1875,TRANSISTOR,,,5,,,,,,,,,1,2,A2B1,2,,,,,,,,,,,,,,,,,,,,,,,,,,,,,,TRANSISTOR,
Sample Group,LM1876,TRANSISTOR,,,15,,,,,,,,,1,2,A2B1,2,,,,,,,,,,,,,,,,,,,,,,,,,,,,,,TRANSISTOR,
Sample Group,LM2405,TRANSISTOR,,,10,,,,,,,,,1,3,A2B1,3,,,,,,,,,,,,,,,,,,,,,,,,,,,,,,TRANSISTOR,
Sample Group,LM2406,TRANSISTOR,,,15,,,,,,,,,1,5,A2B1,5,,,,,,,,,,,,,,,,,,,,,,,,,,,,,,TRANSISTOR,
Sample Group,LM2407,TRANSISTOR,,,16,,,,,,,,,1,2,A2B1,2,,,,,,,,,,,,,,,,,,,,,,,,,,,,,,TRANSISTOR,
Sample Group,LM2575,TRANSISTOR,,,17,,,,,,,,,1,1,A2B1,1,,,,,,,,,,,,,,,,,,,,,,,,,,,,,,TRANSISTOR,
Sample Group,LM2576,TRANSISTOR,,,10,,,,,,,,,1,1,A2B2,1,,,,,,,,,,,,,,,,,,,,,,,,,,,,,,TRANSISTOR,
Sample Group,LM2902N,TRANSISTOR,,,5,,,,,,,,,1,2,A2B2,2,,,,,,,,,,,,,,,,,,,,,,,,,,,,,,TRANSISTOR,
Sample Group,LM317,TRANSISTOR,,,2,,,,,,,,,1,5,A2A29,5,,,,,,,,,,,,,,,,,,,,,,,,,,,,,,TRANSISTOR,
Sample Group,LM324,TRANSISTOR,,,4,,,,,,,,,1,18,A2A29,18,,,,,,,,,,,,,,,,,,,,,,,,,,,,,,TRANSISTOR,
Sample Group,LM335,TRANSISTOR,,,1,,,,,,,,,1,6,B2D9,6,,,,,,,,,,,,,,,,,,,,,,,,,,,,,,TRANSISTOR,
Sample Group,LM339,TRANSISTOR,,,6,,,,,,,,,1,11,A2A29,11,,,,,,,,,,,,,,,,,,,,,,,,,,,,,,TRANSISTOR,
Sample Group,LM358,TRANSISTOR,,,2,,,,,,,,,1,15,A2A29,15,,,,,,,,,,,,,,,,,,,,,,,,,,,,,,TRANSISTOR,
Sample Group,LM364,TRANSISTOR,,,,,,,,,,,,1,0,A2A29,0,,,,,,,,,,,,,,,,,,,,,,,,,,,,,,TRANSISTOR,
Sample Group,LM380,TRANSISTOR,,,6,,,,,,,,,1,6,A2A29,6,,,,,,,,,,,,,,,,,,,,,,,,,,,,,,TRANSISTOR,
Sample Group,LM386,TRANSISTOR,,,2,,,,,,,,,1,27,A2A30,27,,,,,,,,,,,,,,,,,,,,,,,,,,,,,,TRANSISTOR,
Sample Group,LM388,TRANSISTOR,,,8,,,,,,,,,1,0,A2A30,0,,,,,,,,,,,,,,,,,,,,,,,,,,,,,,TRANSISTOR,
Sample Group,LM3886-TF,TRANSISTOR,,,12,,,,,,,,,1,0,A2B2,0,,,,,,,,,,,,,,,,,,,,,,,,,,,,,,TRANSISTOR,
Sample Group,LM3914,TRANSISTOR,,,5,,,,,,,,,1,4,A2B2,4,,,,,,,,,,,,,,,,,,,,,,,,,,,,,,TRANSISTOR,
Sample Group,LM3915,TRANSISTOR,,,,,,,,,,,,1,1,A2B2,1,,,,,,,,,,,,,,,,,,,,,,,,,,,,,,TRANSISTOR,
Sample Group,LM393,TRANSISTOR,,,5,,,,,,,,,1,28,A2A30,28,,,,,,,,,,,,,,,,,,,,,,,,,,,,,,TRANSISTOR,
Sample Group,LM4765,TRANSISTOR,,,12,,,,,,,,,1,1,A2B2,1,,,,,,,,,,,,,,,,,,,,,,,,,,,,,,TRANSISTOR,
Sample Group,LM4766T,TRANSISTOR,=PM59AE,,20,,,,,,,,,1,6,A2B2,6,,,,,,,,,,,,,,,,,,,,,,,,,,,,,,TRANSISTOR,
Sample Group,LM723CH,TRANSISTOR,,,5,,,,,,,,,1,7,A2A30,7,,,,,,,,,,,,,,,,,,,,,,,,,,,,,,TRANSISTOR,
Sample Group,LM741,TRANSISTOR,,,2,,,,,,,,,1,5,A2A30,5,,,,,,,,,,,,,,,,,,,,,,,,,,,,,,TRANSISTOR,
Sample Group,LM78L12,TRANSISTOR,,,1,,,,,,,,,1,20,A2B3,20,,,,,,,,,,,,,,,,,,,,,,,,,,,,,,TRANSISTOR,
Sample Group,LM8412,TRANSISTOR,,,3.5,,,,,,,,,1,2,A2B4,2,,,,,,,,,,,,,,,,,,,,,,,,,,,,,,TRANSISTOR,
Sample Group,LM9142,TRANSISTOR,,,3,,,,,,,,,1,1,A2B4,1,,,,,,,,,,,,,,,,,,,,,,,,,,,,,,TRANSISTOR,
Sample Group,LM9612X,TRANSISTOR,=LM1203,,12,,,,,,,,,1,4,A2B3,4,,,,,,,,,,,,,,,,,,,,,,,,,,,,,,TRANSISTOR,
Sample Group,LNK364,TRANSISTOR,,,13,,,,,,,,,1,2,A2B4,2,,,,,,,,,,,,,,,,,,,,,,,,,,,,,,TRANSISTOR,
Sample Group,LSC1008,TRANSISTOR,,,5,,,,,,,,,1,5,A2B3,5,,,,,,,,,,,,,,,,,,,,,,,,,,,,,,TRANSISTOR,
Sample Group,LV1116N,TRANSISTOR,,,20,,,,,,,,,1,2,A2B3,2,,,,,,,,,,,,,,,,,,,,,,,,,,,,,,TRANSISTOR,
Sample Group,LV47002,TRANSISTOR,,,30,,,,,,,,,1,2,A2B3,2,,,,,,,,,,,,,,,,,,,,,,,,,,,,,,TRANSISTOR,
Sample Group,M017,INTEGRADO,,,1,,,,,,,,,1,15,A2B5,15,,,,,,,,,,,,,,,,,,,,,,,,,,,,,,INTEGRADO,
Sample Group,M1641,INTEGRADO,,,8,,,,,,,,,1,1,A2B5,1,,,,,,,,,,,,,,,,,,,,,,,,,,,,,,INTEGRADO,
Sample Group,M2625,INTEGRADO,,,6,,,,,,,,,1,0,A2B5,0,,,,,,,,,,,,,,,,,,,,,,,,,,,,,,INTEGRADO,
Sample Group,M3161,INTEGRADO,,,,,,,,,,,,1,1,A2B5,1,,,,,,,,,,,,,,,,,,,,,,,,,,,,,,INTEGRADO,
Sample Group,M4015,INTEGRADO,,,3,,,,,,,,,1,5,A2B7,5,,,,,,,,,,,,,,,,,,,,,,,,,,,,,,INTEGRADO,
Sample Group,M51102,INTEGRADO,,,12,,,,,,,,,1,2,A2B7,2,,,,,,,,,,,,,,,,,,,,,,,,,,,,,,INTEGRADO,
Sample Group,M51164,INTEGRADO,,,8,,,,,,,,,1,1,A2B7,1,,,,,,,,,,,,,,,,,,,,,,,,,,,,,,INTEGRADO,
Sample Group,M51182,INTEGRADO,,,8,,,,,,,,,1,3,A2B7,3,,,,,,,,,,,,,,,,,,,,,,,,,,,,,,INTEGRADO,
Sample Group,M51387,INTEGRADO,,,20,,,,,,,,,1,1,A2B7,1,,,,,,,,,,,,,,,,,,,,,,,,,,,,,,INTEGRADO,
Sample Group,M51515BL,INTEGRADO,,,35,,,,,,,,,1,1,A2B7,1,,,,,,,,,,,,,,,,,,,,,,,,,,,,,,INTEGRADO,
Sample Group,M51521L,INTEGRADO,,,10,,,,,,,,,1,2,A2B8,2,,,,,,,,,,,,,,,,,,,,,,,,,,,,,,INTEGRADO,
Sample Group,M51542L,INTEGRADO,,,6,,,,,,,,,1,2,A2B8,2,,,,,,,,,,,,,,,,,,,,,,,,,,,,,,INTEGRADO,
Sample Group,M51544,INTEGRADO,,,10,,,,,,,,,1,3,A2B8,3,,,,,,,,,,,,,,,,,,,,,,,,,,,,,,INTEGRADO,
Sample Group,M5186,INTEGRADO,,,27,,,,,,,,,1,2,A2B5,2,,,,,,,,,,,,,,,,,,,,,,,,,,,,,,INTEGRADO,
Sample Group,M51903L,INTEGRADO,,,10,,,,,,,,,1,2,A2B8,2,,,,,,,,,,,,,,,,,,,,,,,,,,,,,,INTEGRADO,
Sample Group,M5193,INTEGRADO,,,12,,,,,,,,,1,2,A2B5,2,,,,,,,,,,,,,,,,,,,,,,,,,,,,,,INTEGRADO,
Sample Group,M5218L,INTEGRADO,,,5,,,,,,,,,1,10,A2B5,10,,,,,,,,,,,,,,,,,,,,,,,,,,,,,,INTEGRADO,
Sample Group,M5226P,INTEGRADO,,,,,,,,,,,,1,1,A2B8,1,,,,,,,,,,,,,,,,,,,,,,,,,,,,,,INTEGRADO,
Sample Group,M5230,INTEGRADO,,,5,,,,,,,,,1,4,A2B5,4,,,,,,,,,,,,,,,,,,,,,,,,,,,,,,INTEGRADO,
Sample Group,M523395,INTEGRADO,,,60,,,,,,,,,1,2,A2B8,2,,,,,,,,,,,,,,,,,,,,,,,,,,,,,,INTEGRADO,
Sample Group,M52470,INTEGRADO,,,20,,,,,,,,,1,0,A2B8,0,,,,,,,,,,,,,,,,,,,,,,,,,,,,,,INTEGRADO,
Sample Group,M54543L,INTEGRADO,,,20,,,,,,,,,1,2,A2B9,2,,,,,,,,,,,,,,,,,,,,,,,,,,,,,,INTEGRADO,
Sample Group,M5865,INTEGRADO,,,,,,,,,,,,1,0,A2B5,0,,,,,,,,,,,,,,,,,,,,,,,,,,,,,,INTEGRADO,
Sample Group,M58655,INTEGRADO,,,14,,,,,,,,,1,0,A2B8,0,,,,,,,,,,,,,,,,,,,,,,,,,,,,,,INTEGRADO,
Sample Group,M58658,INTEGRADO,,,10,,,,,,,,,1,2,A2B8,2,,,,,,,,,,,,,,,,,,,,,,,,,,,,,,INTEGRADO,
Sample Group,M9553,INTEGRADO,,,5,,,,,,,,,1,0,A2B7,0,,,,,,,,,,,,,,,,,,,,,,,,,,,,,,INTEGRADO,
Sample Group,MA2831,TRANSISTOR,,20160229,25,,,,,,,,,1,1,B1B13,1,,,,,,,,,,,,,,,,,,,,,,,,,,,,,,TRANSISTOR,
Sample Group,MA8920,TRANSISTOR,,20160229,25,,,,,,,,,1,1,B1B13,1,,,,,,,,,,,,,,,,,,,,,,,,,,,,,,TRANSISTOR,
Sample Group,MB3722,INTEGRADO,,,8,,,,,,,,,1,1,A2B9,1,,,,,,,,,,,,,,,,,,,,,,,,,,,,,,INTEGRADO,
Sample Group,MB3756,INTEGRADO,,,5,,,,,,,,,1,2,A2B9,2,,,,,,,,,,,,,,,,,,,,,,,,,,,,,,INTEGRADO,
Sample Group,MB88301,INTEGRADO,,,22,,,,,,,,,1,3,A2B9,3,,,,,,,,,,,,,,,,,,,,,,,,,,,,,,INTEGRADO,
Sample Group,MBC224,INTEGRADO,,,7,,,,,,,,,1,2,A2B9,2,,,,,,,,,,,,,,,,,,,,,,,,,,,,,,INTEGRADO,
Sample Group,MC1352,INTEGRADO,,,10,,,,,,,,,1,4,A2B9,4,,,,,,,,,,,,,,,,,,,,,,,,,,,,,,INTEGRADO,
Sample Group,MC14011,INTEGRADO,,,10,,,,,,,,,1,7,A2B10,7,,,,,,,,,,,,,,,,,,,,,,,,,,,,,,INTEGRADO,
Sample Group,MC14013BP,INTEGRADO,,,10,,,,,,,,,1,2,A2B9,2,,,,,,,,,,,,,,,,,,,,,,,,,,,,,,INTEGRADO,
Sample Group,MC14021,INTEGRADO,,,10,,,,,,,,,1,6,A2B10,6,,,,,,,,,,,,,,,,,,,,,,,,,,,,,,INTEGRADO,
Sample Group,MC14027,INTEGRADO,,,10,,,,,,,,,1,4,A2B10,4,,,,,,,,,,,,,,,,,,,,,,,,,,,,,,INTEGRADO,
Sample Group,MC14053,INTEGRADO,,,10,,,,,,,,,1,5,A2B10,5,,,,,,,,,,,,,,,,,,,,,,,,,,,,,,INTEGRADO,
Sample Group,MC34063,INTEGRADO,,,5,,,,,,,,,1,3,A2B9,3,,,,,,,,,,,,,,,,,,,,,,,,,,,,,,INTEGRADO,
Sample Group,MC34065,INTEGRADO,,,,,,,,,,,,1,2,A2B10,2,,,,,,,,,,,,,,,,,,,,,,,,,,,,,,INTEGRADO,
Sample Group,MC44604,INTEGRADO,,,8,,,,,,,,,1,1,A2B10,1,,,,,,,,,,,,,,,,,,,,,,,,,,,,,,INTEGRADO,
Sample Group,MC44608,INTEGRADO,,,,,,,,,,,,1,0,A2B10,0,,,,,,,,,,,,,,,,,,,,,,,,,,,,,,INTEGRADO,
Sample Group,MC79L05,INTEGRADO,,,2,,,,,,,,,1,24,A2B11,24,,,,,,,,,,,,,,,,,,,,,,,,,,,,,,INTEGRADO,
Sample Group,MCI30010,INTEGRADO,,,,,,,,,,,,1,0,A2B10,0,,,,,,,,,,,,,,,,,,,,,,,,,,,,,,INTEGRADO,
Sample Group,MCR5102,INTEGRADO,,,60,,,,,,,,,1,1,A2B10,1,,,,,,,,,,,,,,,,,,,,,,,,,,,,,,INTEGRADO,
Sample Group,MCZ3001D,INTEGRADO,,,56,,,,,,,,,1,4,A2B10,4,,,,,,,,,,,,,,,,,,,,,,,,,,,,,,INTEGRADO,
Sample Group,MCZ3001DB,INTEGRADO,,,60,,,,,,,,,1,1,A2B10,1,,,,,,,,,,,,,,,,,,,,,,,,,,,,,,INTEGRADO,
Sample Group,MIC2576,INTEGRADO,,,5,,,,,,,,,1,2,A2B11,2,,,,,,,,,,,,,,,,,,,,,,,,,,,,,,INTEGRADO,
Sample Group,MIP0254,INTEGRADO,,,10,,,,,,,,,1,1,A2B11,1,,,,,,,,,,,,,,,,,,,,,,,,,,,,,,INTEGRADO,
Sample Group,MIP2E4DMY,INTEGRADO,,,10,,,,,,,,,1,19,A2B13,19,,,,,,,,,,,,,,,,,,,,,,,,,,,,,,INTEGRADO,
Sample Group,MIP2E5DMY,INTEGRADO,,,10,,,,,,,,,1,3,A2B13,3,,,,,,,,,,,,,,,,,,,,,,,,,,,,,,INTEGRADO,
Sample Group,MIP2F2,INTEGRADO,,,12,,,,,,,,,1,2,A2B11,2,,,,,,,,,,,,,,,,,,,,,,,,,,,,,,INTEGRADO,
Sample Group,MIP2F4D,INTEGRADO,,,12,,,,,,,,,1,3,A2B11,3,,,,,,,,,,,,,,,,,,,,,,,,,,,,,,INTEGRADO,
Sample Group,MIP3E4D,INTEGRADO,,,12,,,,,,,,,1,3,A2B13,3,,,,,,,,,,,,,,,,,,,,,,,,,,,,,,INTEGRADO,
Sample Group,MIP3E4DMY,INTEGRADO,,,10,,,,,,,,,1,1,A2B13,1,,,,,,,,,,,,,,,,,,,,,,,,,,,,,,INTEGRADO,
Sample Group,MIP411,INTEGRADO,,,13,,,,,,,,,1,1,A2B11,1,,,,,,,,,,,,,,,,,,,,,,,,,,,,,,INTEGRADO,
Sample Group,MIP414,INTEGRADO,,,14,,,,,,,,,1,1,A2B11,1,,,,,,,,,,,,,,,,,,,,,,,,,,,,,,INTEGRADO,
Sample Group,MJ11032,INTEGRADO,,,,,,,,,,,,1,2,A2B24,2,,,,,,,,,,,,,,,,,,,,,,,,,,,,,,INTEGRADO,
Sample Group,MJ13009,INTEGRADO,,,5,,,,,,,,,1,7,A2B6,7,,,,,,,,,,,,,,,,,,,,,,,,,,,,,,INTEGRADO,
Sample Group,MJ15003,INTEGRADO,,,16,,,,,,,,,1,1,A2B12,1,,,,,,,,,,,,,,,,,,,,,,,,,,,,,,INTEGRADO,
Sample Group,MJ15004,INTEGRADO,,,16,,,,,,,,,1,7,A2B12,7,,,,,,,,,,,,,,,,,,,,,,,,,,,,,,INTEGRADO,
Sample Group,MJ15015,INTEGRADO,,,15,,,,,,,,,1,4,A2B12,4,,,,,,,,,,,,,,,,,,,,,,,,,,,,,,INTEGRADO,
Sample Group,MJ15016,INTEGRADO,,,,,,,,,,,,1,4,A2B18,4,,,,,,,,,,,,,,,,,,,,,,,,,,,,,,INTEGRADO,
Sample Group,MJ15024,INTEGRADO,,,,,,,,,,,,1,2,A2B18,2,,,,,,,,,,,,,,,,,,,,,,,,,,,,,,INTEGRADO,
Sample Group,MJ15025,INTEGRADO,,,13,,,,,,,,,1,4,A2B18,4,,,,,,,,,,,,,,,,,,,,,,,,,,,,,,INTEGRADO,
Sample Group,MJ802,INTEGRADO,,,,,,,,,,,,1,5,A2B24,5,,,,,,,,,,,,,,,,,,,,,,,,,,,,,,INTEGRADO,
Sample Group,MJE13002,INTEGRADO,,,,,,,,,,,,1,0,A2B6,0,,,,,,,,,,,,,,,,,,,,,,,,,,,,,,INTEGRADO,
Sample Group,MJE13005,INTEGRADO,,,5,,,,,,,,,1,5,A2B6,5,,,,,,,,,,,,,,,,,,,,,,,,,,,,,,INTEGRADO,
Sample Group,MJE13007,INTEGRADO,,,3,,,,,,,,,1,55,A2B6,55,,,,,,,,,,,,,,,,,,,,,,,,,,,,,,INTEGRADO,
Sample Group,MJE15032,INTEGRADO,,,9,,,,,,,,,1,7,A2B14,7,,,,,,,,,,,,,,,,,,,,,,,,,,,,,,INTEGRADO,
Sample Group,MJE15033,INTEGRADO,,,9,,,,,,,,,1,4,A2B14,4,,,,,,,,,,,,,,,,,,,,,,,,,,,,,,INTEGRADO,
Sample Group,MJM4558,INTEGRADO,,,8,,,,,,,,,1,5,A2B14,5,,,,,,,,,,,,,,,,,,,,,,,,,,,,,,INTEGRADO,
Sample Group,MN12C250,INTEGRADO,,,10,,,,,,,,,1,1,A2B14,1,,,,,,,,,,,,,,,,,,,,,,,,,,,,,,INTEGRADO,
Sample Group,MN15151,INTEGRADO,,,50,,,,,,,,,1,2,A2B14,2,,,,,,,,,,,,,,,,,,,,,,,,,,,,,,INTEGRADO,
Sample Group,MN15245SBA,INTEGRADO,,,25,,,,,,,,,1,2,A2B15,2,,,,,,,,,,,,,,,,,,,,,,,,,,,,,,INTEGRADO,
Sample Group,MN3102,INTEGRADO,,,5,,,,,,,,,1,6,A2B14,6,,,,,,,,,,,,,,,,,,,,,,,,,,,,,,INTEGRADO,
Sample Group,MN8303,INTEGRADO,,,7,,,,,,,,,1,9,A2B14,9,,,,,,,,,,,,,,,,,,,,,,,,,,,,,,INTEGRADO,
Sample Group,MOC9022,INTEGRADO,,,8,,,,,,,,,1,1,A2B15,1,,,,,,,,,,,,,,,,,,,,,,,,,,,,,,INTEGRADO,
Sample Group,MPS6534,INTEGRADO,,,1,,,,,,,,,1,4,B3B9,4,,,,,,,,,,,,,,,,,,,,,,,,,,,,,,INTEGRADO,
Sample Group,MR2520,INTEGRADO,,,28,,,,,,,,,1,2,B1B13,2,,,,,,,,,,,,,,,,,,,,,,,,,,,,,,INTEGRADO,
Sample Group,MR2920,INTEGRADO,,,32,,,,,,,,,1,0,B1B13,0,,,,,,,,,,,,,,,,,,,,,,,,,,,,,,INTEGRADO,
Sample Group,MTY30N50,INTEGRADO,,,20,,,,,,,,,1,2,B1B14,2,,,,,,,,,,,,,,,,,,,,,,,,,,,,,,INTEGRADO,
Sample Group,MX0541,INTEGRADO,,,25,,,,,,,,,1,3,A2B6,3,,,,,,,,,,,,,,,,,,,,,,,,,,,,,,INTEGRADO,
Sample Group,MX0841,INTEGRADO,,,30,,,,,,,,,1,1,B1B15,1,,,,,,,,,,,,,,,,,,,,,,,,,,,,,,INTEGRADO,
Sample Group,MX0842,INTEGRADO,,,35,,,,,,,,,1,1,B1B15,1,,,,,,,,,,,,,,,,,,,,,,,,,,,,,,INTEGRADO,
Sample Group,N25,INTEGRADO,,,,,,,,,,,,1,16,A2B15,16,,,,,,,,,,,,,,,,,,,,,,,,,,,,,,INTEGRADO,
Sample Group,N41,INTEGRADO,,,3,,,,,,,,,1,4,A2B15,4,,,,,,,,,,,,,,,,,,,,,,,,,,,,,,INTEGRADO,
Sample Group,NE5532,INTEGRADO,,,3,,,,,,,,,1,4,B1B16,4,,,,,,,,,,,,,,,,,,,,,,,,,,,,,,INTEGRADO,
Sample Group,NE555,INTEGRADO,,,1.5,,,,,,,,,1,15,B1B16,15,,,,,,,,,,,,,,,,,,,,,,,,,,,,,,INTEGRADO,
Sample Group,NE556,INTEGRADO,,,5,,,,,,,,,1,21,B1B16,21,,,,,,,,,,,,,,,,,,,,,,,,,,,,,,INTEGRADO,
Sample Group,NST2545,INTEGRADO,,,5,,,,,,,,,1,7,B1B15,7,,,,,,,,,,,,,,,,,,,,,,,,,,,,,,INTEGRADO,
Sample Group,NTE104,INTEGRADO,,,,,,,,,,,,1,2,A2B24,2,,,,,,,,,,,,,,,,,,,,,,,,,,,,,,INTEGRADO,
Sample Group,NTE265,INTEGRADO,,,,,,,,,,,,1,1,A2B15,1,,,,,,,,,,,,,,,,,,,,,,,,,,,,,,INTEGRADO,
Sample Group,NTP870,INTEGRADO,,,30,,,,,,,,,1,1,A2B16,1,,,,,,,,,,,,,,,,,,,,,,,,,,,,,,INTEGRADO,
Sample Group,OB2269,INTEGRADO,,,12,,,,,,,,,1,5,A2B17,5,,,,,,,,,,,,,,,,,,,,,,,,,,,,,,INTEGRADO,
Sample Group,OOBC0W,INTEGRADO,,,,,,,,,,,,1,1,A2B17,1,,,,,,,,,,,,,,,,,,,,,,,,,,,,,,INTEGRADO,
Sample Group,OV2094-41,FLYBACK,,,,,,,,,,,,1,1,A1,1,,,,,,,,,,,,,,,,,,,,,,,,,,,,,,FLYBACK,
Sample Group,P030RV11,INTEGRADO,,,8,,,,,,,,,1,3,A2B17,3,,,,,,,,,,,,,,,,,,,,,,,,,,,,,,INTEGRADO,
Sample Group,P1014APIO,INTEGRADO,,,9,,,,,,,,,1,2,A2B17,2,,,,,,,,,,,,,,,,,,,,,,,,,,,,,,INTEGRADO,
Sample Group,P5M,INTEGRADO,,,3,,,,,,,,,1,4,A2B17,4,,,,,,,,,,,,,,,,,,,,,,,,,,,,,,INTEGRADO,
Sample Group,PA2032,INTEGRADO,,,40,,,,,,,,,1,1,A2B17,1,,,,,,,,,,,,,,,,,,,,,,,,,,,,,,INTEGRADO,
Sample Group,PA3029,INTEGRADO,,,25,,,,,,,,,1,1,A2B17,1,,,,,,,,,,,,,,,,,,,,,,,,,,,,,,INTEGRADO,
Sample Group,PAL002,INTEGRADO,,,25,,,,,,,,,1,1,A2B19,1,,,,,,,,,,,,,,,,,,,,,,,,,,,,,,INTEGRADO,
Sample Group,PAL003,INTEGRADO,,,28,,,,,,,,,1,1,A2B19,1,,,,,,,,,,,,,,,,,,,,,,,,,,,,,,INTEGRADO,
Sample Group,PAL007,INTEGRADO,,,25,,,,,,,,,1,1,A2B19,1,,,,,,,,,,,,,,,,,,,,,,,,,,,,,,INTEGRADO,
Sample Group,PAL012,INTEGRADO,,,40,,,,,,,,,1,1,A2B19,1,,,,,,,,,,,,,,,,,,,,,,,,,,,,,,INTEGRADO,
Sample Group,PAL013,INTEGRADO,,,40,,,,,,,,,1,2,A2B19,2,,,,,,,,,,,,,,,,,,,,,,,,,,,,,,INTEGRADO,
Sample Group,"PC AX3950 Core i3, 500GB",PC,"Stay productive and get creative with the AX3950-UR30P Desktop PC. The AX3950-UR30P Desktop PC features a dynamic and sleek entertainment center that’s 1/3 the size of a normal PC and features powerful Intel® Core™ i3 performance, 4GB Memory, Windows® 7 Home Premium and great media features that make it easy to power through tasks.",9782253170242,699,6.35,0.152,0.61,0.61,,,,,3,0,Container Z-45,20,,,,,,,,,Dell Computers,455.25,,,,,,,,,,,,,,,,,,,,Computer Stuff/PC,
Sample Group,PC817,INTEGRADO,,,1.5,,,,,,,,,1,9,A2B19,9,,,,,,,,,,,,,,,,,,,,,,,,,,,,,,INTEGRADO,
Sample Group,PCL0017,INTEGRADO,,,,,,,,,,,,1,1,A2B20,1,,,,,,,,,,,,,,,,,,,,,,,,,,,,,,INTEGRADO,
Sample Group,PM36-041-11,INTEGRADO,,,60,,,,,,,,,1,1,A2B20,1,,,,,,,,,,,,,,,,,,,,,,,,,,,,,,INTEGRADO,
Sample Group,PQ12RF11,INTEGRADO,,,8,,,,,,,,,1,7,A2B20,7,,,,,,,,,,,,,,,,,,,,,,,,,,,,,,INTEGRADO,
Sample Group,PT2399,INTEGRADO,,,3.5,,,,,,,,,1,7,A2B20,7,,,,,,,,,,,,,,,,,,,,,,,,,,,,,,INTEGRADO,
Sample Group,PUA3228,INTEGRADO,,,28,,,,,,,,,1,2,A2B20,2,,,,,,,,,,,,,,,,,,,,,,,,,,,,,,INTEGRADO,
Sample Group,R1002,INTEGRADO,,,1,,,,,,,,,1,13,A2B21,13,,,,,,,,,,,,,,,,,,,,,,,,,,,,,,INTEGRADO,
Sample Group,RJP63K2,INTEGRADO,,,18,,,,,,,,,1,9,B2A14,9,,,,,,,,,,,,,,,,,,,,,,,,,,,,,,INTEGRADO,
Sample Group,S1854,TRANSISTOR,,20160229,5,,,,,,,,,1,7,A2B21,7,,,,,,,,,,,,,,,,,,,,,,,,,,,,,,TRANSISTOR,
Sample Group,S6785G,TRANSISTOR,,20160229,12,,,,,,,,,1,3,A2B21,3,,,,,,,,,,,,,,,,,,,,,,,,,,,,,,TRANSISTOR,
Sample Group,S8050,TRANSISTOR,,20160229,1,,,,,,,,,1,18,B3D10,18,,,,,,,,,,,,,,,,,,,,,,,,,,,,,,TRANSISTOR,
Sample Group,S8550,TRANSISTOR,,20160229,1,,,,,,,,,1,21,B3D10,21,,,,,,,,,,,,,,,,,,,,,,,,,,,,,,TRANSISTOR,
Sample Group,S9012,TRANSISTOR,,20160229,1,,,,,,,,,1,7,B3D10,7,,,,,,,,,,,,,,,,,,,,,,,,,,,,,,TRANSISTOR,
Sample Group,S9014,TRANSISTOR,,20160229,1,,,,,,,,,1,2,B3D10,2,,,,,,,,,,,,,,,,,,,,,,,,,,,,,,TRANSISTOR,
Sample Group,SA7454,INTEGRADO,,,12,,,,,,,,,1,1,A2B21,1,,,,,,,,,,,,,,,,,,,,,,,,,,,,,,INTEGRADO,
Sample Group,SD4841,TRANSISTOR,,20160229,7,,,,,,,,,1,2,A2B21,2,,,,,,,,,,,,,,,,,,,,,,,,,,,,,,TRANSISTOR,
Sample Group,SE090,TRANSISTOR,,20160229,5,,,,,,,,,1,1,A2B21,1,,,,,,,,,,,,,,,,,,,,,,,,,,,,,,TRANSISTOR,
Sample Group,SE110,TRANSISTOR,,20160229,4,,,,,,,,,1,9,A2B21,9,,,,,,,,,,,,,,,,,,,,,,,,,,,,,,TRANSISTOR,
Sample Group,SE115,TRANSISTOR,,20160229,5,,,,,,,,,1,3,A2B21,3,,,,,,,,,,,,,,,,,,,,,,,,,,,,,,TRANSISTOR,
Sample Group,SE120,TRANSISTOR,,20160229,5,,,,,,,,,1,8,A2B22,8,,,,,,,,,,,,,,,,,,,,,,,,,,,,,,TRANSISTOR,
Sample Group,SE125,TRANSISTOR,,20160229,5,,,,,,,,,1,1,A2B22,1,,,,,,,,,,,,,,,,,,,,,,,,,,,,,,TRANSISTOR,
Sample Group,SE140,TRANSISTOR,,20160229,5,,,,,,,,,1,1,A2B22,1,,,,,,,,,,,,,,,,,,,,,,,,,,,,,,TRANSISTOR,
Sample Group,SE800,TRANSISTOR,,20160229,5,,,,,,,,,1,1,A2B22,1,,,,,,,,,,,,,,,,,,,,,,,,,,,,,,TRANSISTOR,
Sample Group,SF5142,TRANSISTOR,,20160229,5,,,,,,,,,1,3,A2B22,3,,,,,,,,,,,,,,,,,,,,,,,,,,,,,,TRANSISTOR,
Sample Group,SFS9Z34,TRANSISTOR,,20160229,6,,,,,,,,,1,2,A2B22,2,,,,,,,,,,,,,,,,,,,,,,,,,,,,,,TRANSISTOR,
Sample Group,SG3524N,TRANSISTOR,,20160229,5,,,,,,,,,1,8,A2B22,1,B3A1,7,,,,,,,,,,,,,,,,,,,,,,,,,,,,TRANSISTOR,
Sample Group,SK0624,INTEGRADO,SK7625,,30,,,,,,,,,1,3,A2B23,3,,,,,,,,,,,,,,,,,,,,,,,,,,,,,,INTEGRADO,
Sample Group,SK3019,INTEGRADO,,,2,,,,,,,,,1,2,A2B23,2,,,,,,,,,,,,,,,,,,,,,,,,,,,,,,INTEGRADO,
Sample Group,SK3090,INTEGRADO,,,7,,,,,,,,,1,8,A2B23,8,,,,,,,,,,,,,,,,,,,,,,,,,,,,,,INTEGRADO,
Sample Group,SK3123,INTEGRADO,,,2,,,,,,,,,1,2,B1D10,2,,,,,,,,,,,,,,,,,,,,,,,,,,,,,,INTEGRADO,
Sample Group,SK43,INTEGRADO,,,3,,,,,,,,,1,12,A2B23,12,,,,,,,,,,,,,,,,,,,,,,,,,,,,,,INTEGRADO,
Sample Group,SM8002,INTEGRADO,,,6,,,,,,,,,1,2,A2B22,2,,,,,,,,,,,,,,,,,,,,,,,,,,,,,,INTEGRADO,
Sample Group,SMR40000,TRANSISTOR,,20160229,15,,,,,,,,,1,1,B2B1,1,,,,,,,,,,,,,,,,,,,,,,,,,,,,,,TRANSISTOR,
Sample Group,SN75176,TRANSISTOR,,20160229,5,,,,,,,,,1,1,B1A8,1,,,,,,,,,,,,,,,,,,,,,,,,,,,,,,TRANSISTOR,
Sample Group,SN94096N,TRANSISTOR,,20160229,,,,,,,,,,1,2,B3B11,2,,,,,,,,,,,,,,,,,,,,,,,,,,,,,,TRANSISTOR,
Sample Group,ST2001,TRANSISTOR,,20160229,8,,,,,,,,,1,3,A2B27,3,,,,,,,,,,,,,,,,,,,,,,,,,,,,,,TRANSISTOR,
Sample Group,ST2310,TRANSISTOR,,20160229,9,,,,,,,,,1,2,A2B27,2,,,,,,,,,,,,,,,,,,,,,,,,,,,,,,TRANSISTOR,
Sample Group,ST8812,TRANSISTOR,,20160229,9,,,,,,,,,1,1,A2B27,1,,,,,,,,,,,,,,,,,,,,,,,,,,,,,,TRANSISTOR,
Sample Group,STA540SA,TRANSISTOR,,20160229,17,,,,,,,,,1,2,A2B27,2,,,,,,,,,,,,,,,,,,,,,,,,,,,,,,TRANSISTOR,
Sample Group,STE2310,TRANSISTOR,,20160229,8,,,,,,,,,1,2,A2B26,2,,,,,,,,,,,,,,,,,,,,,,,,,,,,,,TRANSISTOR,
Sample Group,STR10006,TRANSISTOR,,20160229,20,,,,,,,,,1,1,B2B3,1,,,,,,,,,,,,,,,,,,,,,,,,,,,,,,TRANSISTOR,
Sample Group,STR30110,TRANSISTOR,,20160229,35,,,,,,,,,1,4,B2B3,4,,,,,,,,,,,,,,,,,,,,,,,,,,,,,,TRANSISTOR,
Sample Group,STR30115,TRANSISTOR,ORIGINAL,20160229,20,,,,,,,,,1,3,B2B4,3,,,,,,,,,,,,,,,,,,,,,,,,,,,,,,TRANSISTOR,
Sample Group,STR30120,TRANSISTOR,,20160229,18,,,,,,,,,1,2,B2B4,2,,,,,,,,,,,,,,,,,,,,,,,,,,,,,,TRANSISTOR,
Sample Group,STR30123,TRANSISTOR,,20160229,14,,,,,,,,,1,2,B2B4,2,,,,,,,,,,,,,,,,,,,,,,,,,,,,,,TRANSISTOR,
Sample Group,STR30130,TRANSISTOR,,20160229,14,,,,,,,,,1,1,B2B5,1,,,,,,,,,,,,,,,,,,,,,,,,,,,,,,TRANSISTOR,
Sample Group,STR3130,TRANSISTOR,,20160229,20,,,,,,,,,1,1,B2B1,1,,,,,,,,,,,,,,,,,,,,,,,,,,,,,,TRANSISTOR,
Sample Group,STR3215,TRANSISTOR,,20160229,20,,,,,,,,,1,1,B2B2,1,,,,,,,,,,,,,,,,,,,,,,,,,,,,,,TRANSISTOR,
Sample Group,STR459,TRANSISTOR,,20160229,8,,,,,,,,,1,1,B2B1,1,,,,,,,,,,,,,,,,,,,,,,,,,,,,,,TRANSISTOR,
Sample Group,STR50092,TRANSISTOR,,20160229,10,,,,,,,,,1,0,B2B5,0,,,,,,,,,,,,,,,,,,,,,,,,,,,,,,TRANSISTOR,
Sample Group,STR50103,TRANSISTOR,,20160229,15,,,,,,,,,1,1,B2B5,1,,,,,,,,,,,,,,,,,,,,,,,,,,,,,,TRANSISTOR,
Sample Group,STR50111,TRANSISTOR,,20160229,,,,,,,,,,1,0,B2B5,0,,,,,,,,,,,,,,,,,,,,,,,,,,,,,,TRANSISTOR,
Sample Group,STR50115,TRANSISTOR,,20160229,,,,,,,,,,1,0,B2B5,0,,,,,,,,,,,,,,,,,,,,,,,,,,,,,,TRANSISTOR,
Sample Group,STR50130,TRANSISTOR,,20160229,,,,,,,,,,1,0,B2B5,0,,,,,,,,,,,,,,,,,,,,,,,,,,,,,,TRANSISTOR,
Sample Group,STR5015,TRANSISTOR,,20160229,20,,,,,,,,,1,3,B2B2,3,,,,,,,,,,,,,,,,,,,,,,,,,,,,,,TRANSISTOR,
Sample Group,STR52041,TRANSISTOR,,20160229,30,,,,,,,,,1,1,B2B6,1,,,,,,,,,,,,,,,,,,,,,,,,,,,,,,TRANSISTOR,
Sample Group,STR53041,TRANSISTOR,,20160229,15,,,,,,,,,1,1,B2B6,1,,,,,,,,,,,,,,,,,,,,,,,,,,,,,,TRANSISTOR,
Sample Group,STR59041,TRANSISTOR,,20160229,13,,,,,,,,,1,1,B2B6,1,,,,,,,,,,,,,,,,,,,,,,,,,,,,,,TRANSISTOR,
Sample Group,STR80145,TRANSISTOR,,20160229,18,,,,,,,,,1,3,B2B6,3,,,,,,,,,,,,,,,,,,,,,,,,,,,,,,TRANSISTOR,
Sample Group,STR83159,TRANSISTOR,,20160229,18,,,,,,,,,1,2,B2B6,2,,,,,,,,,,,,,,,,,,,,,,,,,,,,,,TRANSISTOR,
Sample Group,STR9012,TRANSISTOR,,20160229,20,,,,,,,,,1,1,B2B3,1,,,,,,,,,,,,,,,,,,,,,,,,,,,,,,TRANSISTOR,
Sample Group,STRD3030,TRANSISTOR,,20160229,18,,,,,,,,,1,6,B2B7,6,,,,,,,,,,,,,,,,,,,,,,,,,,,,,,TRANSISTOR,
Sample Group,STRD3035,TRANSISTOR,,20160229,20,,,,,,,,,1,2,B2B7,2,,,,,,,,,,,,,,,,,,,,,,,,,,,,,,TRANSISTOR,
Sample Group,STRD4512,TRANSISTOR,,20160229,20,,,,,,,,,1,1,B2B7,1,,,,,,,,,,,,,,,,,,,,,,,,,,,,,,TRANSISTOR,
Sample Group,STRD6601,TRANSISTOR,,20160229,25,,,,,,,,,1,1,B2B7,1,,,,,,,,,,,,,,,,,,,,,,,,,,,,,,TRANSISTOR,
Sample Group,STRF6138,TRANSISTOR,,20160229,28,,,,,,,,,1,1,B2B8,1,,,,,,,,,,,,,,,,,,,,,,,,,,,,,,TRANSISTOR,
Sample Group,STRF6264,TRANSISTOR,,20160229,26,,,,,,,,,1,1,B2B8,1,,,,,,,,,,,,,,,,,,,,,,,,,,,,,,TRANSISTOR,
Sample Group,STRF6267,TRANSISTOR,,20160229,24,,,,,,,,,1,1,B2B8,1,,,,,,,,,,,,,,,,,,,,,,,,,,,,,,TRANSISTOR,
Sample Group,STRF6454,TRANSISTOR,,20160229,25,,,,,,,,,1,0,B2B8,0,,,,,,,,,,,,,,,,,,,,,,,,,,,,,,TRANSISTOR,
Sample Group,STRF6456,TRANSISTOR,,20160229,24,,,,,,,,,1,2,B2B8,2,,,,,,,,,,,,,,,,,,,,,,,,,,,,,,TRANSISTOR,
Sample Group,STRF6514,TRANSISTOR,,20160229,20,,,,,,,,,1,1,B2B9,1,,,,,,,,,,,,,,,,,,,,,,,,,,,,,,TRANSISTOR,
Sample Group,STRF6524,TRANSISTOR,,20160229,20,,,,,,,,,1,2,B2B9,2,,,,,,,,,,,,,,,,,,,,,,,,,,,,,,TRANSISTOR,
Sample Group,STRF6624,TRANSISTOR,,20160229,20,,,,,,,,,1,2,B2B9,2,,,,,,,,,,,,,,,,,,,,,,,,,,,,,,TRANSISTOR,
Sample Group,STRF6626,TRANSISTOR,,20160229,15,,,,,,,,,1,3,B2B9,3,,,,,,,,,,,,,,,,,,,,,,,,,,,,,,TRANSISTOR,
Sample Group,STRF6650,TRANSISTOR,,20160229,20,,,,,,,,,1,2,B2B10,2,,,,,,,,,,,,,,,,,,,,,,,,,,,,,,TRANSISTOR,
Sample Group,STRF6653,TRANSISTOR,,20160229,16,,,,,,,,,1,4,B2B10,4,,,,,,,,,,,,,,,,,,,,,,,,,,,,,,TRANSISTOR,
Sample Group,STRF6654,TRANSISTOR,,20160229,15,,,,,,,,,1,2,B2B10,2,,,,,,,,,,,,,,,,,,,,,,,,,,,,,,TRANSISTOR,
Sample Group,STRF6656,TRANSISTOR,,20160229,18,,,,,,,,,1,1,B2B10,1,,,,,,,,,,,,,,,,,,,,,,,,,,,,,,TRANSISTOR,
Sample Group,STRF6707,TRANSISTOR,,20160229,17,,,,,,,,,1,5,B2B10,5,,,,,,,,,,,,,,,,,,,,,,,,,,,,,,TRANSISTOR,
Sample Group,STRG5623A,TRANSISTOR,,20160229,12,,,,,,,,,1,8,B3A2,8,,,,,,,,,,,,,,,,,,,,,,,,,,,,,,TRANSISTOR,
Sample Group,STRG5653,TRANSISTOR,,20160229,12,,,,,,,,,1,4,B3A2,4,,,,,,,,,,,,,,,,,,,,,,,,,,,,,,TRANSISTOR,
Sample Group,STRG6351,TRANSISTOR,,20160229,8,,,,,,,,,1,17,B3A2,17,,,,,,,,,,,,,,,,,,,,,,,,,,,,,,TRANSISTOR,
Sample Group,STRG6353,TRANSISTOR,,20160229,16,,,,,,,,,1,11,B3A2,11,,,,,,,,,,,,,,,,,,,,,,,,,,,,,,TRANSISTOR,
Sample Group,STRG6624,TRANSISTOR,,20160229,10,,,,,,,,,1,15,B3A3,15,,,,,,,,,,,,,,,,,,,,,,,,,,,,,,TRANSISTOR,
Sample Group,STRG6653,TRANSISTOR,,20160229,12,,,,,,,,,1,14,B3A3,14,,,,,,,,,,,,,,,,,,,,,,,,,,,,,,TRANSISTOR,
Sample Group,STRG9656,TRANSISTOR,,20160229,20,,,,,,,,,1,2,B3A3,2,,,,,,,,,,,,,,,,,,,,,,,,,,,,,,TRANSISTOR,
Sample Group,STRM6559,TRANSISTOR,,20160229,25,,,,,,,,,1,1,B2B11,1,,,,,,,,,,,,,,,,,,,,,,,,,,,,,,TRANSISTOR,
Sample Group,STRS5041G,TRANSISTOR,,20160229,35,,,,,,,,,1,2,B2B11,2,,,,,,,,,,,,,,,,,,,,,,,,,,,,,,TRANSISTOR,
Sample Group,STRS5708,TRANSISTOR,,20160229,28,,,,,,,,,1,1,B2B11,1,,,,,,,,,,,,,,,,,,,,,,,,,,,,,,TRANSISTOR,
Sample Group,STRS5717,TRANSISTOR,,20160229,20,,,,,,,,,1,3,B2B11,3,,,,,,,,,,,,,,,,,,,,,,,,,,,,,,TRANSISTOR,
Sample Group,STRS5741,TRANSISTOR,,20160229,20,,,,,,,,,1,2,B2B11,2,,,,,,,,,,,,,,,,,,,,,,,,,,,,,,TRANSISTOR,
Sample Group,STRS5941,TRANSISTOR,,20160229,20,,,,,,,,,1,2,B2B11,2,,,,,,,,,,,,,,,,,,,,,,,,,,,,,,TRANSISTOR,
Sample Group,STRS6301,TRANSISTOR,,20160229,20,,,,,,,,,1,1,B2B12,1,,,,,,,,,,,,,,,,,,,,,,,,,,,,,,TRANSISTOR,
Sample Group,STRS6302,TRANSISTOR,,20160229,25,,,,,,,,,1,1,B2B12,1,,,,,,,,,,,,,,,,,,,,,,,,,,,,,,TRANSISTOR,
Sample Group,STRS6307,TRANSISTOR,,20160229,18,,,,,,,,,1,1,B2B12,1,,,,,,,,,,,,,,,,,,,,,,,,,,,,,,TRANSISTOR,
Sample Group,STRS6308,TRANSISTOR,,20160229,20,,,,,,,,,1,1,B2B12,1,,,,,,,,,,,,,,,,,,,,,,,,,,,,,,TRANSISTOR,
Sample Group,STRS6309,TRANSISTOR,,20160229,20,,,,,,,,,1,2,B2B12,2,,,,,,,,,,,,,,,,,,,,,,,,,,,,,,TRANSISTOR,
Sample Group,STRS6706,TRANSISTOR,,20160229,17,,,,,,,,,1,2,B2B13,2,,,,,,,,,,,,,,,,,,,,,,,,,,,,,,TRANSISTOR,
Sample Group,STRS6707,TRANSISTOR,,20160229,17,,,,,,,,,1,2,B2B13,2,,,,,,,,,,,,,,,,,,,,,,,,,,,,,,TRANSISTOR,
Sample Group,STRS6708,TRANSISTOR,,20160229,20,,,,,,,,,1,1,B2B13,1,,,,,,,,,,,,,,,,,,,,,,,,,,,,,,TRANSISTOR,
Sample Group,STRS6709,TRANSISTOR,,20160229,18,,,,,,,,,1,1,B2B13,1,,,,,,,,,,,,,,,,,,,,,,,,,,,,,,TRANSISTOR,
Sample Group,STRW5453,TRANSISTOR,,20160229,15,,,,,,,,,1,1,B3A4,1,,,,,,,,,,,,,,,,,,,,,,,,,,,,,,TRANSISTOR,
Sample Group,STRW5667,TRANSISTOR,,20160229,13,,,,,,,,,1,3,B3A4,3,,,,,,,,,,,,,,,,,,,,,,,,,,,,,,TRANSISTOR,
Sample Group,STRW5753,TRANSISTOR,,20160229,10,,,,,,,,,1,24,B3A4,24,,,,,,,,,,,,,,,,,,,,,,,,,,,,,,TRANSISTOR,
Sample Group,STRW6052S,TRANSISTOR,,20160229,20,,,,,,,,,1,2,B3A4,2,,,,,,,,,,,,,,,,,,,,,,,,,,,,,,TRANSISTOR,
Sample Group,STRW6053S,TRANSISTOR,,20160229,24,,,,,,,,,1,2,B3A4,2,,,,,,,,,,,,,,,,,,,,,,,,,,,,,,TRANSISTOR,
Sample Group,STRW6252,TRANSISTOR,,20160229,12,,,,,,,,,1,4,B3A5,4,,,,,,,,,,,,,,,,,,,,,,,,,,,,,,TRANSISTOR,
Sample Group,STRW6253,TRANSISTOR,,20160229,12,,,,,,,,,1,2,B3A5,2,,,,,,,,,,,,,,,,,,,,,,,,,,,,,,TRANSISTOR,
Sample Group,STRW6553,TRANSISTOR,,20160229,12,,,,,,,,,1,24,B3A5,24,,,,,,,,,,,,,,,,,,,,,,,,,,,,,,TRANSISTOR,
Sample Group,STRW6554,TRANSISTOR,,20160229,12,,,,,,,,,1,1,B3A5,1,,,,,,,,,,,,,,,,,,,,,,,,,,,,,,TRANSISTOR,
Sample Group,STRW6556,TRANSISTOR,,20160229,12,,,,,,,,,1,5,B3A6,5,,,,,,,,,,,,,,,,,,,,,,,,,,,,,,TRANSISTOR,
Sample Group,STRW6653,TRANSISTOR,,20160229,12,,,,,,,,,1,7,B3A6,7,,,,,,,,,,,,,,,,,,,,,,,,,,,,,,TRANSISTOR,
Sample Group,STRW6654,TRANSISTOR,,20160229,12,,,,,,,,,1,7,B3A6,7,,,,,,,,,,,,,,,,,,,,,,,,,,,,,,TRANSISTOR,
Sample Group,STRW6735,TRANSISTOR,,20160229,10,,,,,,,,,1,3,B3A6,3,,,,,,,,,,,,,,,,,,,,,,,,,,,,,,TRANSISTOR,
Sample Group,STRW6750,TRANSISTOR,,20160229,14,,,,,,,,,1,2,B3A6,2,,,,,,,,,,,,,,,,,,,,,,,,,,,,,,TRANSISTOR,
Sample Group,STRW6753,TRANSISTOR,,20160229,12,,,,,,,,,1,1,B3A7,1,,,,,,,,,,,,,,,,,,,,,,,,,,,,,,TRANSISTOR,
Sample Group,STRW6754,TRANSISTOR,,20160229,10,,,,,,,,,1,5,B3A7,5,,,,,,,,,,,,,,,,,,,,,,,,,,,,,,TRANSISTOR,
Sample Group,STRW6756,TRANSISTOR,,20160229,18,,,,,,,,,1,0,B3A7,0,,,,,,,,,,,,,,,,,,,,,,,,,,,,,,TRANSISTOR,
Sample Group,STRW6852,TRANSISTOR,,20160229,20,,,,,,,,,1,2,B3A7,2,,,,,,,,,,,,,,,,,,,,,,,,,,,,,,TRANSISTOR,
Sample Group,STRX6556,TRANSISTOR,,20160229,24,,,,,,,,,1,1,B2B14,1,,,,,,,,,,,,,,,,,,,,,,,,,,,,,,TRANSISTOR,
Sample Group,STRX6750,TRANSISTOR,,20160229,28,,,,,,,,,1,6,B2B14,6,,,,,,,,,,,,,,,,,,,,,,,,,,,,,,TRANSISTOR,
Sample Group,STRX6756,TRANSISTOR,,20160229,30,,,,,,,,,1,1,B2B14,1,,,,,,,,,,,,,,,,,,,,,,,,,,,,,,TRANSISTOR,
Sample Group,STRX6757,TRANSISTOR,,20160229,26,,,,,,,,,1,1,B2B14,1,,,,,,,,,,,,,,,,,,,,,,,,,,,,,,TRANSISTOR,
Sample Group,STRX6759,TRANSISTOR,,20160229,24,,,,,,,,,1,3,B2B15,3,,,,,,,,,,,,,,,,,,,,,,,,,,,,,,TRANSISTOR,
Sample Group,STRX6768,TRANSISTOR,,20160229,28,,,,,,,,,1,1,B2B15,1,,,,,,,,,,,,,,,,,,,,,,,,,,,,,,TRANSISTOR,
Sample Group,STRX6769,TRANSISTOR,,20160229,36,,,,,,,,,1,2,B2B15,2,,,,,,,,,,,,,,,,,,,,,,,,,,,,,,TRANSISTOR,
Sample Group,STRY6763,TRANSISTOR,,20160229,26,,,,,,,,,1,3,B2B15,3,,,,,,,,,,,,,,,,,,,,,,,,,,,,,,TRANSISTOR,
Sample Group,STRZ2152,TRANSISTOR,,20160229,34,,,,,,,,,1,2,B3A8,2,,,,,,,,,,,,,,,,,,,,,,,,,,,,,,TRANSISTOR,
Sample Group,STRZ2757,TRANSISTOR,,20160229,30,,,,,,,,,1,3,B3A8,3,,,,,,,,,,,,,,,,,,,,,,,,,,,,,,TRANSISTOR,
Sample Group,STV5109,TRANSISTOR,,20160229,15,,,,,,,,,1,7,A2B27,7,,,,,,,,,,,,,,,,,,,,,,,,,,,,,,TRANSISTOR,
Sample Group,STV8131,TRANSISTOR,,20160229,6,,,,,,,,,1,16,A2B26,16,,,,,,,,,,,,,,,,,,,,,,,,,,,,,,TRANSISTOR,
Sample Group,STV8172,TRANSISTOR,,20160229,6,,,,,,,,,1,3,A2B26,3,,,,,,,,,,,,,,,,,,,,,,,,,,,,,,TRANSISTOR,
Sample Group,STV9302,TRANSISTOR,,20160229,6,,,,,,,,,1,5,A2B26,5,,,,,,,,,,,,,,,,,,,,,,,,,,,,,,TRANSISTOR,
Sample Group,STV9325,TRANSISTOR,=3B47657,20160229,10,,,,,,,,,1,1,A2B26,1,,,,,,,,,,,,,,,,,,,,,,,,,,,,,,TRANSISTOR,
Sample Group,STV9326,TRANSISTOR,,20160229,10,,,,,,,,,1,2,A2B25,2,,,,,,,,,,,,,,,,,,,,,,,,,,,,,,TRANSISTOR,
Sample Group,STV9378,TRANSISTOR,,20160229,14,,,,,,,,,1,2,A2B25,2,,,,,,,,,,,,,,,,,,,,,,,,,,,,,,TRANSISTOR,
Sample Group,STV9379,TRANSISTOR,,20160229,16,,,,,,,,,1,4,A2B25,4,,,,,,,,,,,,,,,,,,,,,,,,,,,,,,TRANSISTOR,
Sample Group,STV9381,TRANSISTOR,,20160229,25,,,,,,,,,1,1,A2B25,1,,,,,,,,,,,,,,,,,,,,,,,,,,,,,,TRANSISTOR,
Sample Group,TA1201,TRANSISTOR,,20160229,30,,,,,,,,,1,2,A2B28,2,,,,,,,,,,,,,,,,,,,,,,,,,,,,,,TRANSISTOR,
Sample Group,TA1282,TRANSISTOR,,20160229,20,,,,,,,,,1,2,A2B28,2,,,,,,,,,,,,,,,,,,,,,,,,,,,,,,TRANSISTOR,
Sample Group,TA2008,TRANSISTOR,,20160229,5,,,,,,,,,1,2,A2B28,2,,,,,,,,,,,,,,,,,,,,,,,,,,,,,,TRANSISTOR,
Sample Group,TA2057,TRANSISTOR,,20160229,18,,,,,,,,,1,1,A2B28,1,,,,,,,,,,,,,,,,,,,,,,,,,,,,,,TRANSISTOR,
Sample Group,TA2058,TRANSISTOR,,20160229,15,,,,,,,,,1,1,A2B28,1,,,,,,,,,,,,,,,,,,,,,,,,,,,,,,TRANSISTOR,
Sample Group,TA2068,TRANSISTOR,,20160229,7,,,,,,,,,1,3,A2B28,3,,,,,,,,,,,,,,,,,,,,,,,,,,,,,,TRANSISTOR,
Sample Group,TA2092,TRANSISTOR,,20160229,10,,,,,,,,,1,2,A2B29,2,,,,,,,,,,,,,,,,,,,,,,,,,,,,,,TRANSISTOR,
Sample Group,TA6668,TRANSISTOR,,20160229,4,,,,,,,,,1,0,A2B29,0,,,,,,,,,,,,,,,,,,,,,,,,,,,,,,TRANSISTOR,
Sample Group,TA7063,TRANSISTOR,,20160229,4,,,,,,,,,1,3,A2B29,3,,,,,,,,,,,,,,,,,,,,,,,,,,,,,,TRANSISTOR,
Sample Group,TA7070,TRANSISTOR,,20160229,5,,,,,,,,,1,2,A2B29,2,,,,,,,,,,,,,,,,,,,,,,,,,,,,,,TRANSISTOR,
Sample Group,TA7072,TRANSISTOR,,20160229,5,,,,,,,,,1,2,A2B29,2,,,,,,,,,,,,,,,,,,,,,,,,,,,,,,TRANSISTOR,
Sample Group,TA7108,TRANSISTOR,,20160229,8,,,,,,,,,1,1,A2B29,1,,,,,,,,,,,,,,,,,,,,,,,,,,,,,,TRANSISTOR,
Sample Group,TA7120,TRANSISTOR,,20160229,6,,,,,,,,,1,1,A2B29,1,,,,,,,,,,,,,,,,,,,,,,,,,,,,,,TRANSISTOR,
Sample Group,TA7124,TRANSISTOR,,20160229,3.5,,,,,,,,,1,2,A2B29,2,,,,,,,,,,,,,,,,,,,,,,,,,,,,,,TRANSISTOR,
Sample Group,TA7130,TRANSISTOR,,20160229,3,,,,,,,,,1,4,A2C1,4,,,,,,,,,,,,,,,,,,,,,,,,,,,,,,TRANSISTOR,
Sample Group,TA7136,TRANSISTOR,,20160229,3,,,,,,,,,1,1,A2C1,1,,,,,,,,,,,,,,,,,,,,,,,,,,,,,,TRANSISTOR,
Sample Group,TA7140,TRANSISTOR,,20160229,4,,,,,,,,,1,2,A2C1,2,,,,,,,,,,,,,,,,,,,,,,,,,,,,,,TRANSISTOR,
Sample Group,TA7176,TRANSISTOR,,20160229,5,,,,,,,,,1,2,A2C1,2,,,,,,,,,,,,,,,,,,,,,,,,,,,,,,TRANSISTOR,
Sample Group,TA7184,TRANSISTOR,,20160229,20,,,,,,,,,1,1,A2C1,1,,,,,,,,,,,,,,,,,,,,,,,,,,,,,,TRANSISTOR,
Sample Group,TA7203,TRANSISTOR,,20160229,10,,,,,,,,,1,2,A2C1,2,,,,,,,,,,,,,,,,,,,,,,,,,,,,,,TRANSISTOR,
Sample Group,TA7205,TRANSISTOR,,20160229,8,,,,,,,,,1,7,A2C1,7,,,,,,,,,,,,,,,,,,,,,,,,,,,,,,TRANSISTOR,
Sample Group,TA7209,TRANSISTOR,,20160229,8,,,,,,,,,1,2,A2C1,2,,,,,,,,,,,,,,,,,,,,,,,,,,,,,,TRANSISTOR,
Sample Group,TA7217,TRANSISTOR,,20160229,4,,,,,,,,,1,11,A2C2,11,,,,,,,,,,,,,,,,,,,,,,,,,,,,,,TRANSISTOR,
Sample Group,TA7222,TRANSISTOR,,20160229,5,,,,,,,,,1,3,A2C2,3,,,,,,,,,,,,,,,,,,,,,,,,,,,,,,TRANSISTOR,
Sample Group,TA7223,TRANSISTOR,,20160229,7,,,,,,,,,1,2,A2C2,2,,,,,,,,,,,,,,,,,,,,,,,,,,,,,,TRANSISTOR,
Sample Group,TA7225,TRANSISTOR,,20160229,10,,,,,,,,,1,1,A2C2,1,,,,,,,,,,,,,,,,,,,,,,,,,,,,,,TRANSISTOR,
Sample Group,TA7230,TRANSISTOR,,20160229,6,,,,,,,,,1,2,A2C2,2,,,,,,,,,,,,,,,,,,,,,,,,,,,,,,TRANSISTOR,
Sample Group,TA7232,TRANSISTOR,,20160229,6,,,,,,,,,1,1,A2C2,1,,,,,,,,,,,,,,,,,,,,,,,,,,,,,,TRANSISTOR,
Sample Group,TA7233,TRANSISTOR,,20160229,6,,,,,,,,,1,2,A2C2,2,,,,,,,,,,,,,,,,,,,,,,,,,,,,,,TRANSISTOR,
Sample Group,TA7237,TRANSISTOR,,20160229,10,,,,,,,,,1,1,A2C2,1,,,,,,,,,,,,,,,,,,,,,,,,,,,,,,TRANSISTOR,
Sample Group,TA7240,TRANSISTOR,,20160229,14,,,,,,,,,1,2,A2C2,2,,,,,,,,,,,,,,,,,,,,,,,,,,,,,,TRANSISTOR,
Sample Group,TA7242,TRANSISTOR,,20160229,7,,,,,,,,,1,2,A2C3,2,,,,,,,,,,,,,,,,,,,,,,,,,,,,,,TRANSISTOR,
Sample Group,TA7250,TRANSISTOR,,20160229,20,,,,,,,,,1,3,A2C3,3,,,,,,,,,,,,,,,,,,,,,,,,,,,,,,TRANSISTOR,
Sample Group,TA7256,TRANSISTOR,,20160229,5,,,,,,,,,1,2,A2C3,2,,,,,,,,,,,,,,,,,,,,,,,,,,,,,,TRANSISTOR,
Sample Group,TA7267,TRANSISTOR,,20160229,18,,,,,,,,,1,2,A2C3,2,,,,,,,,,,,,,,,,,,,,,,,,,,,,,,TRANSISTOR,
Sample Group,TA7270,TRANSISTOR,,20160229,8,,,,,,,,,1,0,A2C3,0,,,,,,,,,,,,,,,,,,,,,,,,,,,,,,TRANSISTOR,
Sample Group,TA7271,TRANSISTOR,,20160229,8,,,,,,,,,1,3,A2C3,3,,,,,,,,,,,,,,,,,,,,,,,,,,,,,,TRANSISTOR,
Sample Group,TA7274,TRANSISTOR,,20160229,18,,,,,,,,,1,1,A2C3,1,,,,,,,,,,,,,,,,,,,,,,,,,,,,,,TRANSISTOR,
Sample Group,TA7282,TRANSISTOR,,20160229,7,,,,,,,,,1,9,A2C3,9,,,,,,,,,,,,,,,,,,,,,,,,,,,,,,TRANSISTOR,
Sample Group,TA7283,TRANSISTOR,,20160229,6,,,,,,,,,1,2,A2C4,2,,,,,,,,,,,,,,,,,,,,,,,,,,,,,,TRANSISTOR,
Sample Group,TA7291,TRANSISTOR,,20160229,5,,,,,,,,,1,4,A2C4,4,,,,,,,,,,,,,,,,,,,,,,,,,,,,,,TRANSISTOR,
Sample Group,TA7291S,TRANSISTOR,,20160229,5,,,,,,,,,1,3,A2C4,3,,,,,,,,,,,,,,,,,,,,,,,,,,,,,,TRANSISTOR,
Sample Group,TA7299,TRANSISTOR,,20160229,10,,,,,,,,,1,5,A2C4,5,,,,,,,,,,,,,,,,,,,,,,,,,,,,,,TRANSISTOR,
Sample Group,TA7303,TRANSISTOR,,20160229,4,,,,,,,,,1,6,A2C4,6,,,,,,,,,,,,,,,,,,,,,,,,,,,,,,TRANSISTOR,
Sample Group,TA7317,TRANSISTOR,,20160229,,,,,,,,,,1,1,A2C5,1,,,,,,,,,,,,,,,,,,,,,,,,,,,,,,TRANSISTOR,
Sample Group,TA7318,TRANSISTOR,,20160229,4,,,,,,,,,1,8,A2C4,8,,,,,,,,,,,,,,,,,,,,,,,,,,,,,,TRANSISTOR,
Sample Group,TA7323,TRANSISTOR,,20160229,4,,,,,,,,,1,6,A2C4,6,,,,,,,,,,,,,,,,,,,,,,,,,,,,,,TRANSISTOR,
Sample Group,TA7325,TRANSISTOR,,20160229,3,,,,,,,,,1,4,A2C4,4,,,,,,,,,,,,,,,,,,,,,,,,,,,,,,TRANSISTOR,
Sample Group,TA7335,TRANSISTOR,,20160229,3.5,,,,,,,,,1,3,A2C5,3,,,,,,,,,,,,,,,,,,,,,,,,,,,,,,TRANSISTOR,
Sample Group,TA7336,TRANSISTOR,,20160229,5,,,,,,,,,1,3,A2C5,3,,,,,,,,,,,,,,,,,,,,,,,,,,,,,,TRANSISTOR,
Sample Group,TA7343,TRANSISTOR,,20160229,3,,,,,,,,,1,3,A2C5,3,,,,,,,,,,,,,,,,,,,,,,,,,,,,,,TRANSISTOR,
Sample Group,TA7358,TRANSISTOR,,20160229,3,,,,,,,,,1,11,A2C5,11,,,,,,,,,,,,,,,,,,,,,,,,,,,,,,TRANSISTOR,
Sample Group,TA7368,TRANSISTOR,,20160229,3.5,,,,,,,,,1,2,A2C5,2,,,,,,,,,,,,,,,,,,,,,,,,,,,,,,TRANSISTOR,
Sample Group,TA7376,TRANSISTOR,,20160229,3.5,,,,,,,,,1,6,A2C5,6,,,,,,,,,,,,,,,,,,,,,,,,,,,,,,TRANSISTOR,
Sample Group,TA7604,TRANSISTOR,,20160229,5,,,,,,,,,1,1,A2C6,1,,,,,,,,,,,,,,,,,,,,,,,,,,,,,,TRANSISTOR,
Sample Group,TA7607,TRANSISTOR,,20160229,5,,,,,,,,,1,8,A2C6,8,,,,,,,,,,,,,,,,,,,,,,,,,,,,,,TRANSISTOR,
Sample Group,TA7609,TRANSISTOR,,20160229,5,,,,,,,,,1,17,A2C6,17,,,,,,,,,,,,,,,,,,,,,,,,,,,,,,TRANSISTOR,
Sample Group,TA7611,TRANSISTOR,,20160229,5,,,,,,,,,1,6,A2C6,6,,,,,,,,,,,,,,,,,,,,,,,,,,,,,,TRANSISTOR,
Sample Group,TA7612AP,TRANSISTOR,,20160229,7,,,,,,,,,1,1,A2C6,1,,,,,,,,,,,,,,,,,,,,,,,,,,,,,,TRANSISTOR,
Sample Group,TA7614,TRANSISTOR,,20160229,13,,,,,,,,,1,4,A2C6,4,,,,,,,,,,,,,,,,,,,,,,,,,,,,,,TRANSISTOR,
Sample Group,TA7628,TRANSISTOR,,20160229,5,,,,,,,,,1,3,A2C7,3,,,,,,,,,,,,,,,,,,,,,,,,,,,,,,TRANSISTOR,
Sample Group,TA7629,TRANSISTOR,,20160229,8,,,,,,,,,1,7,A2C7,7,,,,,,,,,,,,,,,,,,,,,,,,,,,,,,TRANSISTOR,
Sample Group,TA7630,TRANSISTOR,,20160229,8,,,,,,,,,1,1,A2C7,1,,,,,,,,,,,,,,,,,,,,,,,,,,,,,,TRANSISTOR,
Sample Group,TA7634,TRANSISTOR,,20160229,30,,,,,,,,,1,2,A2C7,2,,,,,,,,,,,,,,,,,,,,,,,,,,,,,,TRANSISTOR,
Sample Group,TA7640,TRANSISTOR,,20160229,4,,,,,,,,,1,10,A2C7,10,,,,,,,,,,,,,,,,,,,,,,,,,,,,,,TRANSISTOR,
Sample Group,TA7644,TRANSISTOR,,20160229,25,,,,,,,,,1,3,A2C7,3,,,,,,,,,,,,,,,,,,,,,,,,,,,,,,TRANSISTOR,
Sample Group,TA7668,TRANSISTOR,,20160229,,,,,,,,,,1,6,A2C7,6,,,,,,,,,,,,,,,,,,,,,,,,,,,,,,TRANSISTOR,
Sample Group,TA7676,TRANSISTOR,,20160229,9,,,,,,,,,1,2,A2C7,2,,,,,,,,,,,,,,,,,,,,,,,,,,,,,,TRANSISTOR,
Sample Group,TA7680,TRANSISTOR,,20160229,12,,,,,,,,,1,1,A2C8,1,,,,,,,,,,,,,,,,,,,,,,,,,,,,,,TRANSISTOR,
Sample Group,TA7738,TRANSISTOR,,20160229,7,,,,,,,,,1,4,A2C8,4,,,,,,,,,,,,,,,,,,,,,,,,,,,,,,TRANSISTOR,
Sample Group,TA7769,TRANSISTOR,,20160229,4,,,,,,,,,1,5,A2C8,5,,,,,,,,,,,,,,,,,,,,,,,,,,,,,,TRANSISTOR,
Sample Group,TA7778,TRANSISTOR,,20160229,13,,,,,,,,,1,2,A2C8,2,,,,,,,,,,,,,,,,,,,,,,,,,,,,,,TRANSISTOR,
Sample Group,TA7784,TRANSISTOR,,20160229,5,,,,,,,,,1,5,A2C8,5,,,,,,,,,,,,,,,,,,,,,,,,,,,,,,TRANSISTOR,
Sample Group,TA8102,TRANSISTOR,,20160229,5,,,,,,,,,1,6,A2C9,6,,,,,,,,,,,,,,,,,,,,,,,,,,,,,,TRANSISTOR,
Sample Group,TA8110,TRANSISTOR,,20160229,,,,,,,,,,1,2,A2C9,2,,,,,,,,,,,,,,,,,,,,,,,,,,,,,,TRANSISTOR,
Sample Group,TA8119,TRANSISTOR,,20160229,7,,,,,,,,,1,1,A2C9,1,,,,,,,,,,,,,,,,,,,,,,,,,,,,,,TRANSISTOR,
Sample Group,TA8122AF,TRANSISTOR,,20160229,8,,,,,,,,,1,1,A2C9,1,,,,,,,,,,,,,,,,,,,,,,,,,,,,,,TRANSISTOR,
Sample Group,TA8122P,TRANSISTOR,,20160229,5,,,,,,,,,1,8,A2C9,8,,,,,,,,,,,,,,,,,,,,,,,,,,,,,,TRANSISTOR,
Sample Group,TA8127,TRANSISTOR,,20160229,5,,,,,,,,,1,13,A2C9,13,,,,,,,,,,,,,,,,,,,,,,,,,,,,,,TRANSISTOR,
Sample Group,TA8132,TRANSISTOR,,20160229,,,,,,,,,,1,2,A2C9,2,,,,,,,,,,,,,,,,,,,,,,,,,,,,,,TRANSISTOR,
Sample Group,TA8142,TRANSISTOR,,20160229,5,,,,,,,,,1,2,A2C9,2,,,,,,,,,,,,,,,,,,,,,,,,,,,,,,TRANSISTOR,
Sample Group,TA8148,TRANSISTOR,,20160229,7,,,,,,,,,1,5,A2C10,5,,,,,,,,,,,,,,,,,,,,,,,,,,,,,,TRANSISTOR,
Sample Group,TA8164,TRANSISTOR,,20160229,5,,,,,,,,,1,4,A2C10,4,,,,,,,,,,,,,,,,,,,,,,,,,,,,,,TRANSISTOR,
Sample Group,TA8167,TRANSISTOR,,20160229,7,,,,,,,,,1,3,A2C10,3,,,,,,,,,,,,,,,,,,,,,,,,,,,,,,TRANSISTOR,
Sample Group,TA8176,TRANSISTOR,,20160229,7,,,,,,,,,1,6,A2C10,6,,,,,,,,,,,,,,,,,,,,,,,,,,,,,,TRANSISTOR,
Sample Group,TA8184,TRANSISTOR,,20160229,15,,,,,,,,,1,5,A2C10,5,,,,,,,,,,,,,,,,,,,,,,,,,,,,,,TRANSISTOR,
Sample Group,TA8189N,TRANSISTOR,,20160229,7,,,,,,,,,1,3,A2C10,3,,,,,,,,,,,,,,,,,,,,,,,,,,,,,,TRANSISTOR,
Sample Group,TA8200,TRANSISTOR,,20160229,10,,,,,,,,,1,1,A2C10,1,,,,,,,,,,,,,,,,,,,,,,,,,,,,,,TRANSISTOR,
Sample Group,TA8205,TRANSISTOR,,20160229,12,,,,,,,,,1,3,A2C10,3,,,,,,,,,,,,,,,,,,,,,,,,,,,,,,TRANSISTOR,
Sample Group,TA8207,TRANSISTOR,,20160229,7,,,,,,,,,1,3,A2C11,3,,,,,,,,,,,,,,,,,,,,,,,,,,,,,,TRANSISTOR,
Sample Group,TA8210,TRANSISTOR,,20160229,12,,,,,,,,,1,7,A2C11,7,,,,,,,,,,,,,,,,,,,,,,,,,,,,,,TRANSISTOR,
Sample Group,TA8211HQ,TRANSISTOR,,20160229,17,,,,,,,,,1,1,A2C11,1,,,,,,,,,,,,,,,,,,,,,,,,,,,,,,TRANSISTOR,
Sample Group,TA8213K,TRANSISTOR,,20160229,6,,,,,,,,,1,1,A2C11,1,,,,,,,,,,,,,,,,,,,,,,,,,,,,,,TRANSISTOR,
Sample Group,TA8215,TRANSISTOR,,20160229,12,,,,,,,,,1,2,A2C11,2,,,,,,,,,,,,,,,,,,,,,,,,,,,,,,TRANSISTOR,
Sample Group,TA8216H,TRANSISTOR,,20160229,8,,,,,,,,,1,7,A2C12,7,,,,,,,,,,,,,,,,,,,,,,,,,,,,,,TRANSISTOR,
Sample Group,TA8217,TRANSISTOR,,20160229,5,,,,,,,,,1,4,A2C12,4,,,,,,,,,,,,,,,,,,,,,,,,,,,,,,TRANSISTOR,
Sample Group,TA8218,TRANSISTOR,,20160229,12,,,,,,,,,1,3,A2C12,3,,,,,,,,,,,,,,,,,,,,,,,,,,,,,,TRANSISTOR,
Sample Group,TA8220AH,TRANSISTOR,,20160229,20,,,,,,,,,1,2,A2C12,2,,,,,,,,,,,,,,,,,,,,,,,,,,,,,,TRANSISTOR,
Sample Group,TA8221,TRANSISTOR,,20160229,20,,,,,,,,,1,2,A2C12,2,,,,,,,,,,,,,,,,,,,,,,,,,,,,,,TRANSISTOR,
Sample Group,TA8223,TRANSISTOR,,20160229,10,,,,,,,,,1,3,A2C12,3,,,,,,,,,,,,,,,,,,,,,,,,,,,,,,TRANSISTOR,
Sample Group,TA8227,TRANSISTOR,,20160229,4,,,,,,,,,1,3,A2C13,3,,,,,,,,,,,,,,,,,,,,,,,,,,,,,,TRANSISTOR,
Sample Group,TA8229,TRANSISTOR,,20160229,10,,,,,,,,,1,1,A2C13,1,,,,,,,,,,,,,,,,,,,,,,,,,,,,,,TRANSISTOR,
Sample Group,TA8232,TRANSISTOR,,20160229,20,,,,,,,,,1,4,A2C13,4,,,,,,,,,,,,,,,,,,,,,,,,,,,,,,TRANSISTOR,
Sample Group,TA8238,TRANSISTOR,,20160229,10,,,,,,,,,1,1,A2C13,1,,,,,,,,,,,,,,,,,,,,,,,,,,,,,,TRANSISTOR,
Sample Group,TA8251,TRANSISTOR,,20160229,15,,,,,,,,,1,1,A2C13,1,,,,,,,,,,,,,,,,,,,,,,,,,,,,,,TRANSISTOR,
Sample Group,TA8255,TRANSISTOR,,20160229,35,,,,,,,,,1,1,A2C14,1,,,,,,,,,,,,,,,,,,,,,,,,,,,,,,TRANSISTOR,
Sample Group,TA8259,TRANSISTOR,,20160229,35,,,,,,,,,1,5,A2C14,5,,,,,,,,,,,,,,,,,,,,,,,,,,,,,,TRANSISTOR,
Sample Group,TA8263,TRANSISTOR,,20160229,35,,,,,,,,,1,1,A2C14,1,,,,,,,,,,,,,,,,,,,,,,,,,,,,,,TRANSISTOR,
Sample Group,TA8264HR,TRANSISTOR,,20160229,25,,,,,,,,,1,4,A2C14,4,,,,,,,,,,,,,,,,,,,,,,,,,,,,,,TRANSISTOR,
Sample Group,TA8276,TRANSISTOR,,20160229,28,,,,,,,,,1,1,A2C14,1,,,,,,,,,,,,,,,,,,,,,,,,,,,,,,TRANSISTOR,
Sample Group,TA8403,TRANSISTOR,,20160229,7,,,,,,,,,1,8,A2C15,8,,,,,,,,,,,,,,,,,,,,,,,,,,,,,,TRANSISTOR,
Sample Group,TA8410,TRANSISTOR,,20160229,9,,,,,,,,,1,2,A2C15,2,,,,,,,,,,,,,,,,,,,,,,,,,,,,,,TRANSISTOR,
Sample Group,TA8427,TRANSISTOR,,20160229,7,,,,,,,,,1,0,A2C15,0,,,,,,,,,,,,,,,,,,,,,,,,,,,,,,TRANSISTOR,
Sample Group,TA8432,TRANSISTOR,,20160229,10,,,,,,,,,1,2,A2C15,2,,,,,,,,,,,,,,,,,,,,,,,,,,,,,,TRANSISTOR,
Sample Group,TA8601BN,TRANSISTOR,,20160229,18,,,,,,,,,1,2,A2C15,2,,,,,,,,,,,,,,,,,,,,,,,,,,,,,,TRANSISTOR,
Sample Group,TA8659,TRANSISTOR,,20160229,50,,,,,,,,,1,2,A2C16,2,,,,,,,,,,,,,,,,,,,,,,,,,,,,,,TRANSISTOR,
Sample Group,TA8680,TRANSISTOR,,20160229,20,,,,,,,,,1,3,A2C16,3,,,,,,,,,,,,,,,,,,,,,,,,,,,,,,TRANSISTOR,
Sample Group,TA8690,TRANSISTOR,,20160229,24,,,,,,,,,1,2,A2C16,2,,,,,,,,,,,,,,,,,,,,,,,,,,,,,,TRANSISTOR,
Sample Group,TA8725,TRANSISTOR,,20160229,45,,,,,,,,,1,2,A2C17,2,,,,,,,,,,,,,,,,,,,,,,,,,,,,,,TRANSISTOR,
Sample Group,TA8745,TRANSISTOR,,20160229,30,,,,,,,,,1,2,A2C17,2,,,,,,,,,,,,,,,,,,,,,,,,,,,,,,TRANSISTOR,
Sample Group,TA8801AN,TRANSISTOR,,20160229,16,,,,,,,,,1,6,A2C17,6,,,,,,,,,,,,,,,,,,,,,,,,,,,,,,TRANSISTOR,
Sample Group,TA8801N,TRANSISTOR,,20160229,12,,,,,,,,,1,2,A2C17,2,,,,,,,,,,,,,,,,,,,,,,,,,,,,,,TRANSISTOR,
Sample Group,TA8825,TRANSISTOR,,20160229,35,,,,,,,,,1,1,A2C17,1,,,,,,,,,,,,,,,,,,,,,,,,,,,,,,TRANSISTOR,
Sample Group,TAS5142,TRANSISTOR,,20160229,36,,,,,,,,,1,2,A2C19,2,,,,,,,,,,,,,,,,,,,,,,,,,,,,,,TRANSISTOR,
Sample Group,TAS5342,TRANSISTOR,,20160229,25,,,,,,,,,1,1,A2C19,1,,,,,,,,,,,,,,,,,,,,,,,,,,,,,,TRANSISTOR,
Sample Group,TAS5352,TRANSISTOR,,20160229,30,,,,,,,,,1,1,A2C19,1,,,,,,,,,,,,,,,,,,,,,,,,,,,,,,TRANSISTOR,
Sample Group,TAS5612,TRANSISTOR,,20160229,36,,,,,,,,,1,1,A2C19,1,,,,,,,,,,,,,,,,,,,,,,,,,,,,,,TRANSISTOR,
Sample Group,TB1231,TRANSISTOR,,20160229,30,,,,,,,,,1,1,A2C18,1,,,,,,,,,,,,,,,,,,,,,,,,,,,,,,TRANSISTOR,
Sample Group,TB2903HQ,TRANSISTOR,,20160229,28,,,,,,,,,1,3,A2C18,3,,,,,,,,,,,,,,,,,,,,,,,,,,,,,,TRANSISTOR,
Sample Group,TB2904HQ,TRANSISTOR,,20160229,30,,,,,,,,,1,2,A2C18,2,,,,,,,,,,,,,,,,,,,,,,,,,,,,,,TRANSISTOR,
Sample Group,TB2926,TRANSISTOR,,20160229,28,,,,,,,,,1,4,A2C18,4,,,,,,,,,,,,,,,,,,,,,,,,,,,,,,TRANSISTOR,
Sample Group,TB2929HQ,TRANSISTOR,,20160229,30,,,,,,,,,1,1,A2C18,1,,,,,,,,,,,,,,,,,,,,,,,,,,,,,,TRANSISTOR,
Sample Group,TB2946HQ,TRANSISTOR,,20160229,32,,,,,,,,,1,0,A2C18,0,,,,,,,,,,,,,,,,,,,,,,,,,,,,,,TRANSISTOR,
Sample Group,TC4013BP,TRANSISTOR,,20160229,10,,,,,,,,,1,1,A2C20,1,,,,,,,,,,,,,,,,,,,,,,,,,,,,,,TRANSISTOR,
Sample Group,TC9125BP,TRANSISTOR,,20160229,12,,,,,,,,,1,2,A2C20,2,,,,,,,,,,,,,,,,,,,,,,,,,,,,,,TRANSISTOR,
Sample Group,TC9149P,TRANSISTOR,,20160229,8,,,,,,,,,1,3,A2C20,3,,,,,,,,,,,,,,,,,,,,,,,,,,,,,,TRANSISTOR,
Sample Group,TC9153,TRANSISTOR,,20160229,8,,,,,,,,,1,3,A2C20,3,,,,,,,,,,,,,,,,,,,,,,,,,,,,,,TRANSISTOR,
Sample Group,TC9163,TRANSISTOR,,20160229,15,,,,,,,,,1,4,A2C20,4,,,,,,,,,,,,,,,,,,,,,,,,,,,,,,TRANSISTOR,
Sample Group,TC9172,TRANSISTOR,,20160229,10,,,,,,,,,1,3,A2C20,3,,,,,,,,,,,,,,,,,,,,,,,,,,,,,,TRANSISTOR,
Sample Group,TC9227,TRANSISTOR,,20160229,15,,,,,,,,,1,1,A2C20,1,,,,,,,,,,,,,,,,,,,,,,,,,,,,,,TRANSISTOR,
Sample Group,TC9284,TRANSISTOR,,20160229,18,,,,,,,,,1,1,A2C20,1,,,,,,,,,,,,,,,,,,,,,,,,,,,,,,TRANSISTOR,
Sample Group,TC9668RX,TRANSISTOR,,20160229,15,,,,,,,,,1,1,A2C21,1,,,,,,,,,,,,,,,,,,,,,,,,,,,,,,TRANSISTOR,
Sample Group,TCLA21V01-TD,TRANSISTOR,,20160229,60,,,,,,,,,1,1,A2C21,1,,,,,,,,,,,,,,,,,,,,,,,,,,,,,,TRANSISTOR,
Sample Group,TCPN3081PA09AB,FLYBACK,,20160229,50,,,,,,,,,1,1,A1,1,,,,,,,,,,,,,,,,,,,,,,,,,,,,,,FLYBACK,
Sample Group,TD6359,TRANSISTOR,,20160229,10,,,,,,,,,1,1,A2C22,1,,,,,,,,,,,,,,,,,,,,,,,,,,,,,,TRANSISTOR,
Sample Group,TDF8556,TRANSISTOR,,20160229,56,,,,,,,,,1,1,A2C19,1,,,,,,,,,,,,,,,,,,,,,,,,,,,,,,TRANSISTOR,
Sample Group,TEA1504,TRANSISTOR,,20160229,12,,,,,,,,,1,2,A2C21,2,,,,,,,,,,,,,,,,,,,,,,,,,,,,,,TRANSISTOR,
Sample Group,TEA1506P,TRANSISTOR,,20160229,12,,,,,,,,,1,4,A2C21,4,,,,,,,,,,,,,,,,,,,,,,,,,,,,,,TRANSISTOR,
Sample Group,TEA1506T,TRANSISTOR,,20160229,10,,,,,,,,,1,10,A2C21,10,,,,,,,,,,,,,,,,,,,,,,,,,,,,,,TRANSISTOR,
Sample Group,TEA1507P,TRANSISTOR,,20160229,10,,,,,,,,,1,6,A2C21,6,,,,,,,,,,,,,,,,,,,,,,,,,,,,,,TRANSISTOR,
Sample Group,TEA1522,TRANSISTOR,,20160229,10,,,,,,,,,1,2,A2C22,2,,,,,,,,,,,,,,,,,,,,,,,,,,,,,,TRANSISTOR,
Sample Group,TEA1533,TRANSISTOR,,20160229,12,,,,,,,,,1,6,A2C22,6,,,,,,,,,,,,,,,,,,,,,,,,,,,,,,TRANSISTOR,
Sample Group,TEA1620,TRANSISTOR,,20160229,10,,,,,,,,,1,0,A2C22,0,,,,,,,,,,,,,,,,,,,,,,,,,,,,,,TRANSISTOR,
Sample Group,TEA2019,TRANSISTOR,,20160229,10,,,,,,,,,1,1,A2C22,1,,,,,,,,,,,,,,,,,,,,,,,,,,,,,,TRANSISTOR,
Sample Group,TEA2025,TRANSISTOR,,20160229,3,,,,,,,,,1,0,A2C22,0,,,,,,,,,,,,,,,,,,,,,,,,,,,,,,TRANSISTOR,
Sample Group,TEA2262,TRANSISTOR,,20160229,10,,,,,,,,,1,10,A2C22,10,,,,,,,,,,,,,,,,,,,,,,,,,,,,,,TRANSISTOR,
Sample Group,TEA5170,TRANSISTOR,,20160229,15,,,,,,,,,1,5,A2C22,5,,,,,,,,,,,,,,,,,,,,,,,,,,,,,,TRANSISTOR,
Sample Group,TECC1070PG31A,FLYBACK,,,,,,,,,,,,1,1,A1,1,,,,,,,,,,,,,,,,,,,,,,,,,,,,,,FLYBACK,
Sample Group,TECC1070PK22A,FLYBACK,,,,,,,,,,,,1,1,A1,1,,,,,,,,,,,,,,,,,,,,,,,,,,,,,,FLYBACK,
Sample Group,TF361M,TRANSISTOR,,20160229,6,,,,,,,,,1,1,A2C19,1,,,,,,,,,,,,,,,,,,,,,,,,,,,,,,TRANSISTOR,
Sample Group,TFA9842,TRANSISTOR,,20160229,9,,,,,,,,,1,1,A2C19,1,,,,,,,,,,,,,,,,,,,,,,,,,,,,,,TRANSISTOR,
Sample Group,TIP102,TRANSISTOR,ECG2343,20160229,3,,,,,,,,,1,4,B1A12,4,,,,,,,,,,,,,,,,,,,,,,,,,,,,,,TRANSISTOR,
Sample Group,TIP107,TRANSISTOR,,20160229,5,,,,,,,,,1,10,B1A12,10,,,,,,,,,,,,,,,,,,,,,,,,,,,,,,TRANSISTOR,
Sample Group,TIP112,TRANSISTOR,,20160229,4,,,,,,,,,1,2,B1A12,2,,,,,,,,,,,,,,,,,,,,,,,,,,,,,,TRANSISTOR,
Sample Group,TIP120,TRANSISTOR,ECG261,20160229,3,,,,,,,,,1,7,B1A12,7,,,,,,,,,,,,,,,,,,,,,,,,,,,,,,TRANSISTOR,
Sample Group,TIP122,TRANSISTOR,ECG261,20160229,3.5,,,,,,,,,1,0,B1A12,0,,,,,,,,,,,,,,,,,,,,,,,,,,,,,,TRANSISTOR,
Sample Group,TIP127,TRANSISTOR,ECG262,20160229,3,,,,,,,,,1,0,B1A12,0,,,,,,,,,,,,,,,,,,,,,,,,,,,,,,TRANSISTOR,
Sample Group,TIP142,TRANSISTOR,,20160229,7,,,,,,,,,1,14,B1A13,14,,,,,,,,,,,,,,,,,,,,,,,,,,,,,,TRANSISTOR,
Sample Group,TIP147,TRANSISTOR,ECG271,20160229,5,,,,,,,,,1,1,B1A13,1,,,,,,,,,,,,,,,,,,,,,,,,,,,,,,TRANSISTOR,
Sample Group,TIP2955,TRANSISTOR,ECG393,20160229,7,,,,,,,,,1,1,B1A14,1,,,,,,,,,,,,,,,,,,,,,,,,,,,,,,TRANSISTOR,
Sample Group,TIP3055,TRANSISTOR,ECG392,20160229,5,,,,,,,,,1,20,B1A14,20,,,,,,,,,,,,,,,,,,,,,,,,,,,,,,TRANSISTOR,
Sample Group,TIP31,TRANSISTOR,ECG291,20160229,2,,,,,,,,,1,7,B1A10,7,,,,,,,,,,,,,,,,,,,,,,,,,,,,,,TRANSISTOR,
Sample Group,TIP32,TRANSISTOR,ECG197,20160229,2,,,,,,,,,1,29,B1A10,19,,,,,,,,,,,,,,,,,,,,,,,,,,,,,,TRANSISTOR,
Sample Group,TIP34,TRANSISTOR,ECG391,20160229,6,,,,,,,,,1,2,B1A10,2,,,,,,,,,,,,,,,,,,,,,,,,,,,,,,TRANSISTOR,
Sample Group,TIP35,TRANSISTOR,ECG392,20160229,6,,,,,,,,,1,9,B1A10,9,,,,,,,,,,,,,,,,,,,,,,,,,,,,,,TRANSISTOR,
Sample Group,TIP41,TRANSISTOR,ECG196,20160229,2,,,,,,,,,1,16,B1A11,16,,,,,,,,,,,,,,,,,,,,,,,,,,,,,,TRANSISTOR,
Sample Group,TIP42,TRANSISTOR,ECG197,20160229,2,,,,,,,,,1,15,B1A11,15,,,,,,,,,,,,,,,,,,,,,,,,,,,,,,TRANSISTOR,
Sample Group,TL071,INTEGRADO,,,3,,,,,,,,,1,0,A2C23,0,,,,,,,,,,,,,,,,,,,,,,,,,,,,,,INTEGRADO,
Sample Group,TL072,INTEGRADO,,,3,,,,,,,,,1,3,A2C23,3,,,,,,,,,,,,,,,,,,,,,,,,,,,,,,INTEGRADO,
Sample Group,TL074,INTEGRADO,,,5.5,,,,,,,,,1,5,A2C23,5,,,,,,,,,,,,,,,,,,,,,,,,,,,,,,INTEGRADO,
Sample Group,TL081,INTEGRADO,,,3,,,,,,,,,1,1,A2C23,1,,,,,,,,,,,,,,,,,,,,,,,,,,,,,,INTEGRADO,
Sample Group,TL082,INTEGRADO,,,3,,,,,,,,,1,0,A2C23,0,,,,,,,,,,,,,,,,,,,,,,,,,,,,,,INTEGRADO,
Sample Group,TL084,INTEGRADO,,,3,,,,,,,,,1,4,A2C23,4,,,,,,,,,,,,,,,,,,,,,,,,,,,,,,INTEGRADO,
Sample Group,TL431,INTEGRADO,,,1.5,,,,,,,,,1,13,A2C23,13,,,,,,,,,,,,,,,,,,,,,,,,,,,,,,INTEGRADO,
Sample Group,TL432,INTEGRADO,,,2,,,,,,,,,1,18,A2C24,18,,,,,,,,,,,,,,,,,,,,,,,,,,,,,,INTEGRADO,
Sample Group,TL494,INTEGRADO,,,4,,,,,,,,,1,0,A2C24,0,,,,,,,,,,,,,,,,,,,,,,,,,,,,,,INTEGRADO,
Sample Group,TLF14617F,FLYBACK,,,,,,,,,,,,1,1,A1,1,,,,,,,,,,,,,,,,,,,,,,,,,,,,,,FLYBACK,
Sample Group,TLF14634,FLYBACK,,,,,,,,,,,,1,1,A1,1,,,,,,,,,,,,,,,,,,,,,,,,,,,,,,FLYBACK,
Sample Group,TLF14644,FLYBACK,,,,,,,,,,,,1,2,A1,2,,,,,,,,,,,,,,,,,,,,,,,,,,,,,,FLYBACK,
Sample Group,TLF14701F,FLYBACK,,,,,,,,,,,,1,1,A1,1,,,,,,,,,,,,,,,,,,,,,,,,,,,,,,FLYBACK,
Sample Group,TLF14706,FLYBACK,,,,,,,,,,,,1,1,A1,1,,,,,,,,,,,,,,,,,,,,,,,,,,,,,,FLYBACK,
Sample Group,TLF6021F,FLYBACK,,,,,,,,,,,,1,1,A1,1,,,,,,,,,,,,,,,,,,,,,,,,,,,,,,FLYBACK,
Sample Group,TMM27128AD-20,INTEGRADO,,,40,,,,,,,,,1,1,A2C24,1,,,,,,,,,,,,,,,,,,,,,,,,,,,,,,INTEGRADO,
Sample Group,TMP47C434N-3401,INTEGRADO,,,55,,,,,,,,,1,1,A2C24,1,,,,,,,,,,,,,,,,,,,,,,,,,,,,,,INTEGRADO,
Sample Group,TMP47C434N-3408,INTEGRADO,,,55,,,,,,,,,1,1,A2C24,1,,,,,,,,,,,,,,,,,,,,,,,,,,,,,,INTEGRADO,
Sample Group,TMSR3452NDL,INTEGRADO,,,25,,,,,,,,,1,1,A2C24,1,,,,,,,,,,,,,,,,,,,,,,,,,,,,,,INTEGRADO,
Sample Group,TNY176,INTEGRADO,,,10,,,,,,,,,1,2,A2C25,2,,,,,,,,,,,,,,,,,,,,,,,,,,,,,,INTEGRADO,
Sample Group,TNY177,INTEGRADO,,,6,,,,,,,,,1,3,A2C25,3,,,,,,,,,,,,,,,,,,,,,,,,,,,,,,INTEGRADO,
Sample Group,TNY179,INTEGRADO,,,12,,,,,,,,,1,3,A2C25,3,,,,,,,,,,,,,,,,,,,,,,,,,,,,,,INTEGRADO,
Sample Group,TNY264,INTEGRADO,,,12,,,,,,,,,1,2,A2C25,2,,,,,,,,,,,,,,,,,,,,,,,,,,,,,,INTEGRADO,
Sample Group,TNY266,INTEGRADO,TNY268,,12,,,,,,,,,1,0,A2C25,0,,,,,,,,,,,,,,,,,,,,,,,,,,,,,,INTEGRADO,
Sample Group,TNY267,INTEGRADO,,,6,,,,,,,,,1,18,A2C25,18,,,,,,,,,,,,,,,,,,,,,,,,,,,,,,INTEGRADO,
Sample Group,TNY268,INTEGRADO,TN266,,12,,,,,,,,,1,5,A2C25,5,,,,,,,,,,,,,,,,,,,,,,,,,,,,,,INTEGRADO,
Sample Group,TNY277PN,INTEGRADO,K804; 52255A,,,,,,,,,,,1,0,A2C25,0,,,,,,,,,,,,,,,,,,,,,,,,,,,,,,INTEGRADO,
Sample Group,TNY280,INTEGRADO,,,14,,,,,,,,,1,2,A2C25,2,,,,,,,,,,,,,,,,,,,,,,,,,,,,,,INTEGRADO,
Sample Group,TNY616,INTEGRADO,,,,,,,,,,,,1,0,A2C25,0,,,,,,,,,,,,,,,,,,,,,,,,,,,,,,INTEGRADO,
Sample Group,TOP222,INTEGRADO,,,5,,,,,,,,,1,3,A2C26,3,,,,,,,,,,,,,,,,,,,,,,,,,,,,,,INTEGRADO,
Sample Group,TOP243,INTEGRADO,,,16,,,,,,,,,1,2,A2C26,2,,,,,,,,,,,,,,,,,,,,,,,,,,,,,,INTEGRADO,
Sample Group,TOP244,INTEGRADO,,,16,,,,,,,,,1,2,A2C26,2,,,,,,,,,,,,,,,,,,,,,,,,,,,,,,INTEGRADO,
Sample Group,TOP245PN,INTEGRADO,,,14,,,,,,,,,1,2,A2C26,2,,,,,,,,,,,,,,,,,,,,,,,,,,,,,,INTEGRADO,
Sample Group,TOP245YN,INTEGRADO,,,15,,,,,,,,,1,3,A2C26,3,,,,,,,,,,,,,,,,,,,,,,,,,,,,,,INTEGRADO,
Sample Group,TOP247,INTEGRADO,,,13,,,,,,,,,1,3,A2C26,3,,,,,,,,,,,,,,,,,,,,,,,,,,,,,,INTEGRADO,
Sample Group,TOP256PN,INTEGRADO,,,14,,,,,,,,,1,4,A2C26,4,,,,,,,,,,,,,,,,,,,,,,,,,,,,,,INTEGRADO,
Sample Group,TOP258,INTEGRADO,,,8,,,,,,,,,1,6,A2C26,6,,,,,,,,,,,,,,,,,,,,,,,,,,,,,,INTEGRADO,
Sample Group,TP4071,TRANSISTOR,,20160229,4,,,,,,,,,1,3,B3B9,3,,,,,,,,,,,,,,,,,,,,,,,,,,,,,,TRANSISTOR,
Sample Group,TT2140,INTEGRADO,,,5,,,,,,,,,1,4,A2C27,4,,,,,,,,,,,,,,,,,,,,,,,,,,,,,,INTEGRADO,
Sample Group,TT2142,INTEGRADO,,,10,,,,,,,,,1,1,A2C27,1,,,,,,,,,,,,,,,,,,,,,,,,,,,,,,INTEGRADO,
Sample Group,TT2170,INTEGRADO,D2627,,6,,,,,,,,,1,5,A2C27,5,,,,,,,,,,,,,,,,,,,,,,,,,,,,,,INTEGRADO,
Sample Group,TT2190,INTEGRADO,C6093,,6,,,,,,,,,1,2,A2C27,2,,,,,,,,,,,,,,,,,,,,,,,,,,,,,,INTEGRADO,
Sample Group,TT2206,INTEGRADO,,,9,,,,,,,,,1,0,A2C27,0,,,,,,,,,,,,,,,,,,,,,,,,,,,,,,INTEGRADO,
Sample Group,TT2222,INTEGRADO,,,6,,,,,,,,,1,4,A2C27,4,,,,,,,,,,,,,,,,,,,,,,,,,,,,,,INTEGRADO,
Sample Group,TT2246,INTEGRADO,,,7,,,,,,,,,1,8,A2C28,8,,,,,,,,,,,,,,,,,,,,,,,,,,,,,,INTEGRADO,
Sample Group,TT6093,INTEGRADO,,,6,,,,,,,,,1,7,A2C28,7,,,,,,,,,,,,,,,,,,,,,,,,,,,,,,INTEGRADO,
Sample Group,TV50,INTEGRADO,,,1,,,,,,,,,1,2,B1D10,2,,,,,,,,,,,,,,,,,,,,,,,,,,,,,,INTEGRADO,
Sample Group,TY50,INTEGRADO,,,1,,,,,,,,,1,6,A2C19,6,,,,,,,,,,,,,,,,,,,,,,,,,,,,,,INTEGRADO,
Sample Group,U2510,INTEGRADO,,,10,,,,,,,,,1,1,A2C28,1,,,,,,,,,,,,,,,,,,,,,,,,,,,,,,INTEGRADO,
Sample Group,UA741CN,INTEGRADO,KAS136,,4,,,,,,,,,1,8,A2C28,8,,,,,,,,,,,,,,,,,,,,,,,,,,,,,,INTEGRADO,
Sample Group,UC3842,INTEGRADO,,,4,,,,,,,,,1,3,A2C29,3,,,,,,,,,,,,,,,,,,,,,,,,,,,,,,INTEGRADO,
Sample Group,UC3843,INTEGRADO,,,5,,,,,,,,,1,0,A2C29,0,,,,,,,,,,,,,,,,,,,,,,,,,,,,,,INTEGRADO,
Sample Group,UC3844,INTEGRADO,,,5,,,,,,,,,1,0,A2C29,0,,,,,,,,,,,,,,,,,,,,,,,,,,,,,,INTEGRADO,
Sample Group,ULN2004,INTEGRADO,,,5,,,,,,,,,1,5,A2C29,5,,,,,,,,,,,,,,,,,,,,,,,,,,,,,,INTEGRADO,
Sample Group,ULN2803,INTEGRADO,,,12,,,,,,,,,1,2,A2C29,2,,,,,,,,,,,,,,,,,,,,,,,,,,,,,,INTEGRADO,
Sample Group,ULN3204,INTEGRADO,,,7,,,,,,,,,1,1,A2C29,1,,,,,,,,,,,,,,,,,,,,,,,,,,,,,,INTEGRADO,
Sample Group,UPC1337,INTEGRADO,,,9,,,,,,,,,1,1,A2C30,1,,,,,,,,,,,,,,,,,,,,,,,,,,,,,,INTEGRADO,
Sample Group,UPD1937,INTEGRADO,,,8,,,,,,,,,1,6,A2C30,6,,,,,,,,,,,,,,,,,,,,,,,,,,,,,,INTEGRADO,
Sample Group,UPD1987,INTEGRADO,,,10,,,,,,,,,1,2,A2C30,2,,,,,,,,,,,,,,,,,,,,,,,,,,,,,,INTEGRADO,
Sample Group,VIPER171,INTEGRADO,,,12,,,,,,,,,1,4,A2C30,4,,,,,,,,,,,,,,,,,,,,,,,,,,,,,,INTEGRADO,
Sample Group,VIPER22A,INTEGRADO,,,6,,,,,,,,,1,5,A2C30,5,,,,,,,,,,,,,,,,,,,,,,,,,,,,,,INTEGRADO,
Sample Group,VM275-UD6702W Desktop PC,PC,,9780321774088,699,6.35,0.152,0.61,0.61,,,,,3,0,,,,,,,,,,,Dell Computers,724,,,,,,,,,,,,,,,,,,,,Computer Stuff/PC,
Sample Group,VM500-UD8702W Desktop PC,PC,,9782253170242,699,6.35,0.152,0.61,0.61,,,,,3,4,,,,,,,,,,,Dell Computers,724,,,,,,,,,,,,,,,,,,,,Computer Stuff/PC,
Sample Group,YD2026,INTEGRADO,,,10,,,,,,,,,1,8,A2C30,8,,,,,,,,,,,,,,,,,,,,,,,,,,,,,,INTEGRADO,
Sample Group,ZA153,INTEGRADO,,,16,,,,,,,,,1,0,A2C30,0,,,,,,,,,,,,,,,,,,,,,,,,,,,,,,INTEGRADO,
